1,BMA150 3-axis Accelerometer,2.480159E-4,2.8,3.0
2,AK8973 3-axis Magnetic field sensor,1.0,2000.0,6.7
3,AK8973 Orientation sensor,1.0,360.0,9.7
7,AK8973 Temperature sensor,1.0,80.0,0.0
317782145127,7,31.0,0.0,0.0
317782145582,3,67.0,4.0,-3.0
317782145584,2,-8.0625,-7.0625,-43.0625
317782145587,1,-0.50395286,-0.61291564,9.915613
317782145589,3,102.0,3.0,-3.0
317782145593,2,-7.0625,-8.125,-43.0625
317782145595,1,-0.53119355,-0.50395286,9.915613
317782145597,3,121.0,3.0,-3.0
317782145625,2,-8.0625,-10.125,-42.125
317782145627,1,-0.53119355,-0.53119355,9.915613
317782145631,3,128.0,3.0,-3.0
317782145633,2,-7.8125,-8.125,-41.875
317782145638,1,-0.53119355,-0.5720546,9.888372
317782145640,3,132.0,3.0,-3.0
317782145643,2,-7.5625,-8.125,-40.875
317782145645,1,-0.50395286,-0.53119355,9.888372
317782145647,2,-8.3125,-7.875,-40.375
317782145649,1,-0.53119355,-0.53119355,9.915613
317782145653,2,-8.0625,-7.875,-40.625
317782145655,1,-0.50395286,-0.53119355,9.888372
317782145657,2,-8.3125,-8.125,-41.375
317782145659,1,-0.5720546,-0.5720546,9.956474
317782145744,2,-8.75,-8.125,-41.375
317782145746,1,-0.50395286,-0.5720546,9.80665
317782145748,2,-8.5,-8.125,-41.125
317782145750,2,-9.0,-7.875,-40.875
317782145763,1,-0.53119355,-0.53119355,10.269742
317782145765,2,-8.75,-7.5625,-40.875
317782145767,1,-0.5720546,-0.50395286,9.724928
317782145769,2,-8.75,-7.5625,-41.875
317782145772,1,-0.50395286,-0.46309182,9.997335
317782145775,2,-9.0,-7.5625,-42.125
317782145777,1,-0.50395286,-0.46309182,9.915613
317782145848,2,-9.0,-7.5625,-42.3125
317782145850,1,-0.46309182,-0.53119355,9.956474
317782145853,3,132.0,3.0,-2.0
317782145855,2,-9.0,-7.875,-42.5625
317782145857,1,-0.42223078,-0.50395286,9.888372
317782145859,2,-9.0,-8.375,-43.0625
317782145863,1,-0.42223078,-0.53119355,9.888372
317782145865,3,133.0,3.0,-2.0
317782145867,2,-8.5,-8.875,-43.8125
317782145870,1,-0.38136974,-0.53119355,9.765789
317782145875,3,133.0,3.0,-3.0
317782145877,2,-8.3125,-8.375,-44.0625
317782145879,1,-0.50395286,-0.53119355,9.956474
317782145883,3,134.0,3.0,-3.0
317782145885,2,-8.5,-8.875,-44.0625
317782145887,1,-0.46309182,-0.50395286,10.038197
317782145890,2,-8.3125,-8.625,-44.0625
317782145893,1,-0.46309182,-0.46309182,9.956474
317782145909,3,134.0,3.0,-2.0
317782145913,2,-8.3125,-8.375,-43.8125
317782145915,1,-0.42223078,-0.53119355,9.888372
317782145962,3,134.0,3.0,-3.0
317782145964,2,-8.5,-8.625,-43.8125
317782145966,1,-0.50395286,-0.53119355,10.038197
317782145973,2,-8.5,-8.375,-44.3125
317782145976,1,-0.50395286,-0.50395286,9.80665
317782145978,2,-8.5,-8.625,-43.8125
317782145982,1,-0.46309182,-0.50395286,9.888372
317782146040,2,-8.0625,-8.375,-43.8125
317782146044,1,-0.53119355,-0.53119355,9.697687
317782146119,3,135.0,3.0,-3.0
317782146122,2,-7.8125,-8.625,-43.8125
317782146124,1,-0.50395286,-0.53119355,10.038197
317782146241,2,-7.5625,-8.375,-44.0625
317782146244,1,-0.53119355,-0.53119355,9.847511
317782146368,2,-7.8125,-8.125,-44.0625
317782146375,1,-0.50395286,-0.53119355,9.997335
317782146466,2,-8.3125,-8.375,-44.0625
317782146468,1,-0.46309182,-0.50395286,9.724928
317782146472,2,-8.5,-7.875,-44.0625
317782146474,1,-0.46309182,-0.53119355,9.956474
317782146529,3,134.0,2.0,-3.0
317782146542,2,-8.5,-7.5625,-43.5625
317782146544,1,-0.53119355,-0.42223078,9.80665
317782146616,3,134.0,3.0,-3.0
317782146618,2,-8.0625,-7.5625,-43.5625
317782146622,1,-0.46309182,-0.50395286,9.915613
317782146734,2,-8.3125,-7.3125,-43.3125
317782146736,1,-0.53119355,-0.50395286,9.956474
317782146797,2,-7.8125,-7.875,-43.0625
317782146799,1,-0.53119355,-0.5720546,10.038197
317782146853,3,134.0,2.0,-4.0
317782146855,2,-8.0625,-8.125,-43.0625
317782146857,1,-0.61291564,-0.29964766,9.915613
317782146989,3,129.0,1.0,-8.0
317782146992,2,-8.0625,-8.375,-43.0625
317782146994,1,-1.334794,-0.10896278,10.038197
317782147024,3,129.0,4.0,-9.0
317782147026,2,-8.0625,-8.625,-43.5625
317782147029,1,-1.7297841,-0.8036005,10.419566
317782147106,3,129.0,4.0,-6.0
317782147108,2,-8.75,-7.875,-43.3125
317782147110,1,-1.0351465,-0.61291564,9.847511
317782147229,3,129.0,2.0,-3.0
317782147231,2,-9.25,-7.5625,-43.0625
317782147233,1,-0.5720546,-0.38136974,9.302697
317782147277,3,129.0,3.0,-3.0
317782147279,2,-9.75,-7.3125,-43.0625
317782147282,1,-0.53119355,-0.6537767,10.760075
317782147407,3,130.0,4.0,-1.0
317782147410,2,-9.5,-7.0625,-43.0625
317782147412,1,-0.23154591,-0.61291564,9.466142
317782147436,3,130.0,2.0,-3.0
317782147438,2,-9.0,-8.125,-44.0625
317782147475,1,-0.53119355,-0.38136974,10.378705
317782147526,3,144.0,7.0,3.0
317782147528,2,-8.0625,-8.625,-44.5625
317782147532,1,0.50395286,-1.2258313,9.724928
317782147615,3,149.0,3.0,3.0
317782147618,2,-7.3125,-8.875,-45.0625
317782147620,1,0.50395286,-0.46309182,9.915613
317782147683,3,149.0,1.0,1.0
317782147685,2,-7.5625,-9.125,-45.0625
317782147687,1,0.23154591,-0.08172209,9.112013
317782147773,3,139.0,2.0,-6.0
317782147775,2,-7.8125,-8.875,-44.3125
317782147777,1,-0.9942854,-0.27240697,9.234595
317782147877,3,140.0,6.0,-1.0
317782147880,2,-8.3125,-8.625,-44.0625
317782147882,1,-0.19068487,-1.0351465,10.528529
317782147923,3,140.0,5.0,-2.0
317782147925,2,-8.5,-8.375,-43.8125
317782147927,1,-0.27240697,-0.8036005,10.079058
317782148014,3,140.0,4.0,-2.0
317782148022,2,-8.3125,-7.875,-44.0625
317782148025,1,-0.38136974,-0.7218784,10.106298
317782148111,3,139.0,4.0,-2.0
317782148113,2,-8.5,-7.5625,-44.5625
317782148115,1,-0.38136974,-0.6537767,9.847511
317782148173,2,-8.5,-7.3125,-44.8125
317782148176,1,-0.3405087,-0.7627395,10.079058
317782148260,3,138.0,4.0,-2.0
317782148263,2,-8.75,-7.0625,-45.0625
317782148266,1,-0.42223078,-0.6537767,9.915613
317782148381,3,138.0,4.0,-1.0
317782148383,2,-9.25,-7.5625,-45.0625
317782148386,1,-0.19068487,-0.6537767,10.038197
317782148403,3,137.0,4.0,-2.0
317782148406,2,-9.5,-7.875,-44.8125
317782148408,1,-0.42223078,-0.6946377,9.724928
317782148657,3,136.0,3.0,-4.0
317782148659,2,-9.75,-8.125,-44.5625
317782148662,1,-0.61291564,-0.53119355,9.384419
317782148664,3,136.0,20.0,-17.0
317782148667,2,-10.5,-8.625,-44.3125
317782148685,1,-0.6537767,-0.7627395,1.9885708
317782148687,3,140.0,55.0,-29.0
317782148689,2,-11.5,-9.875,-43.0625
317782148696,1,-0.42223078,-0.7218784,0.27240697
317782148772,3,140.0,54.0,-29.0
317782148777,2,-13.5,-12.9375,-40.875
317782148779,1,-0.42223078,-0.6946377,0.27240697
317782148802,3,140.0,51.0,-30.0
317782148804,2,-16.9375,-17.3125,-37.1875
317782148807,1,-0.46309182,-0.7218784,0.3405087
317782148902,3,140.0,41.0,-26.0
317782148928,2,-21.125,-23.9375,-31.0625
317782148931,1,-0.46309182,-0.6946377,0.6537767
317782148966,3,194.0,-14.0,74.0
317782148968,2,-28.8125,-23.375,-26.875
317782148971,1,2.982856,0.7627395,0.38136974
317782149038,3,156.0,-8.0,-45.0
317782149042,2,-23.375,-22.625,-30.0625
317782149044,1,-3.3778462,0.6537767,3.2961242
317782149165,3,139.0,15.0,-57.0
317782149167,2,-18.4375,-16.25,-34.75
317782149169,1,-4.5219555,-1.4165162,2.6014864
317782149213,3,133.0,26.0,-10.0
317782149215,2,-20.625,-4.5,-38.4375
317782149217,1,-0.88532263,-2.1383946,4.3312707
317782149364,3,111.0,2.0,-20.0
317782149367,2,-19.1875,2.375,-38.9375
317782149369,1,-2.152015,-0.23154591,5.8976107
317782149455,3,93.0,4.0,-8.0
317782149457,2,-30.0625,11.3125,-33.25
317782149459,1,-0.8036005,-0.38136974,5.938472
317782149475,3,82.0,3.0,-2.0
317782149478,2,-39.1875,15.125,-27.625
317782149480,1,-0.27240697,-0.5720546,9.915613
317782149552,3,76.0,3.0,-3.0
317782149554,2,-39.9375,16.375,-25.1875
317782149556,1,-0.50395286,-0.50395286,9.956474
317782149607,3,75.0,3.0,-3.0
317782149610,2,-40.6875,16.125,-24.9375
317782149612,1,-0.50395286,-0.53119355,9.915613
317782149725,3,74.0,3.0,-3.0
317782149728,2,-41.1875,16.375,-24.9375
317782149730,1,-0.53119355,-0.50395286,9.915613
317782149797,2,-41.4375,16.375,-24.9375
317782149799,1,-0.50395286,-0.53119355,9.956474
317782149857,2,-41.4375,16.375,-25.1875
317782149859,1,-0.53119355,-0.53119355,9.888372
317782149944,3,73.0,3.0,-3.0
317782149946,2,-41.1875,16.875,-25.1875
317782149949,1,-0.53119355,-0.50395286,9.888372
317782150056,2,-40.9375,16.375,-24.6875
317782150059,1,-0.50395286,-0.5720546,9.915613
317782150105,2,-40.4375,16.625,-24.6875
317782150107,1,-0.50395286,-0.53119355,9.915613
317782150182,3,72.0,3.0,-3.0
317782150185,2,-40.6875,16.875,-24.4375
317782150187,1,-0.50395286,-0.50395286,9.915613
317782150341,2,-40.9375,16.375,-24.1875
317782150344,1,-0.50395286,-0.53119355,9.915613
317782150375,2,-41.1875,16.375,-24.9375
317782150377,1,-0.50395286,-0.53119355,9.956474
317782150453,2,-41.875,16.375,-24.6875
317782150455,1,-0.50395286,-0.53119355,9.915613
317782150498,2,-41.875,15.875,-24.6875
317782150501,1,-0.50395286,-0.53119355,9.888372
317782150583,2,-41.875,16.375,-25.1875
317782150586,1,-0.50395286,-0.50395286,9.915613
317782150723,2,-41.625,16.125,-24.6875
317782150728,1,-0.50395286,-0.5720546,9.888372
317782150744,2,-41.4375,16.375,-24.4375
317782150747,1,-0.53119355,-0.53119355,9.888372
317782150831,7,32.0,0.0,0.0
317782150833,2,-41.4375,16.625,-24.1875
317782150835,1,-0.50395286,-0.53119355,9.915613
317782150927,7,31.0,0.0,0.0
317782150929,2,-40.9375,16.375,-23.9375
317782150937,1,-0.53119355,-0.50395286,9.956474
317782150973,7,32.0,0.0,0.0
317782150975,2,-40.6875,16.125,-23.9375
317782150977,1,-0.50395286,-0.50395286,9.915613
317782151102,2,-40.6875,15.625,-24.1875
317782151142,2,-40.9375,15.625,-24.4375
317782151145,1,-0.46309182,-0.53119355,9.915613
317782151234,2,-41.1875,15.375,-24.1875
317782151259,1,-0.53119355,-0.53119355,9.956474
317782151360,2,-41.1875,15.875,-23.9375
317782151363,1,-0.50395286,-0.53119355,9.915613
317782151405,2,-40.9375,15.625,-23.9375
317782151407,1,-0.5720546,-0.50395286,9.956474
317782151479,2,-40.1875,15.375,-24.1875
317782151484,1,-0.46309182,-0.50395286,9.915613
317782151544,2,-40.1875,15.625,-24.1875
317782151546,1,-0.50395286,-0.53119355,9.956474
317782151622,2,-40.1875,15.625,-24.4375
317782151625,1,-0.50395286,-0.50395286,9.956474
317782151736,3,72.0,2.0,-4.0
317782151739,2,-40.4375,16.125,-24.1875
317782151744,1,-0.6946377,-0.42223078,9.956474
317782151787,3,72.0,3.0,-5.0
317782151848,2,-40.9375,16.125,-23.9375
317782151868,1,-0.84446156,-0.50395286,9.915613
317782151876,3,72.0,2.0,-2.0
317782151878,2,-41.1875,15.625,-24.1875
317782151880,1,-0.27240697,-0.3405087,9.915613
317782151958,3,72.0,3.0,-3.0
317782151960,2,-41.875,14.875,-23.4375
317782151983,1,-0.46309182,-0.5720546,10.460427
317782152078,3,72.0,2.0,-1.0
317782152086,2,-42.125,13.8125,-23.4375
317782152088,1,-0.19068487,-0.50395286,11.75436
317782152115,3,73.0,4.0,-7.0
317782152118,2,-40.6875,11.5625,-25.4375
317782152120,1,-1.2666923,-0.84446156,11.032481
317782152263,3,77.0,5.0,-1.0
317782152266,2,-37.9375,7.6875,-29.125
317782152268,1,-0.10896278,-0.95342433,11.073342
317782152344,3,85.0,8.0,0.0
317782152373,2,-32.75,2.875,-34.75
317782152375,1,-0.08172209,-1.6480621,11.141444
317782152387,3,94.0,7.0,0.0
317782152390,2,-27.0625,-2.25,-39.875
317782152392,1,-0.0,-1.2666923,11.141444
317782152469,3,105.0,7.0,-1.0
317782152471,2,-22.375,-6.3125,-42.5625
317782152473,1,-0.23154591,-1.3075534,10.923519
317782152521,3,117.0,7.0,1.0
317782152523,2,-18.4375,-8.875,-43.8125
317782152525,1,0.10896278,-1.3756552,10.501288
317782152643,3,125.0,7.0,1.0
317782152645,2,-16.4375,-9.375,-43.3125
317782152647,1,0.19068487,-1.2666923,10.269742
317782152674,3,129.0,6.0,1.0
317782152677,2,-14.9375,-9.375,-43.0625
317782152679,1,0.19068487,-0.95342433,9.888372
317782152769,3,130.0,6.0,0.0
317782152771,2,-14.4375,-8.875,-42.5625
317782152773,1,-0.0,-1.1168685,9.847511
317782152868,3,129.0,4.0,-1.0
317782152870,2,-14.1875,-7.5625,-42.3125
317782152872,1,-0.19068487,-0.5720546,9.302697
317782153067,3,129.0,6.0,-1.0
317782153070,2,-13.75,-7.3125,-42.3125
317782153072,1,-0.14982383,-0.9125633,8.921328
317782153074,3,133.0,7.0,3.0
317782153076,2,-13.25,-6.8125,-42.3125
317782153512,1,0.53119355,-1.0351465,8.962189
317782153536,3,134.0,8.0,2.0
317782153538,2,-13.0,-6.3125,-43.0625
317782153540,1,0.27240697,-1.2258313,8.430995
317782153543,3,134.0,7.0,1.0
317782153545,2,-12.25,-6.0625,-43.3125
317782153547,1,0.19068487,-1.1168685,8.771504
317782153550,3,135.0,8.0,2.0
317782153554,2,-11.5,-6.0625,-43.5625
317782153557,1,0.29964766,-1.2258313,8.962189
317782153559,3,140.0,7.0,5.0
317782153567,2,-11.75,-6.0625,-43.3125
317782153589,1,0.84446156,-1.1168685,9.084772
317782153631,3,140.0,5.0,4.0
317782153633,2,-11.5,-6.5625,-42.8125
317782153638,1,0.5720546,-0.8036005,9.275456
317782153641,3,139.0,5.0,2.0
317782153648,2,-12.0,-6.8125,-42.8125
317782153650,1,0.29964766,-0.7627395,8.662541
317782153656,3,138.0,7.0,-1.0
317782153659,2,-12.25,-6.5625,-43.3125
317782153661,1,-0.08172209,-1.0351465,8.921328
317782153664,3,138.0,6.0,3.0
317782153666,2,-12.25,-6.3125,-43.5625
317782153668,1,0.42223078,-1.0351465,9.112013
317782153789,2,-11.75,-6.0625,-43.5625
317782153792,1,0.5720546,-0.95342433,9.847511
317782153815,3,138.0,4.0,3.0
317782153818,2,-11.25,-6.0625,-43.8125
317782153820,1,0.50395286,-0.7627395,9.847511
317782153894,3,138.0,5.0,3.0
317782153896,2,-11.5,-6.5625,-43.3125
317782153898,1,0.5720546,-0.8036005,9.997335
317782154024,3,138.0,3.0,4.0
317782154026,2,-11.25,-7.3125,-42.5625
317782154028,1,0.7627395,-0.50395286,10.269742
317782154069,3,132.0,-3.0,4.0
317782154072,2,-11.0,-8.125,-42.8125
317782154074,1,0.8036005,0.6537767,10.61025
317782154185,3,132.0,-2.0,2.0
317782154188,2,-10.75,-9.125,-42.125
317782154190,1,0.3405087,0.38136974,9.915613
317782154257,3,131.0,-2.0,-1.0
317782154259,2,-10.75,-10.375,-41.625
317782154273,1,-0.23154591,0.313268,9.302697
317782154390,3,131.0,0.0,-5.0
317782154392,2,-10.75,-11.6875,-41.875
317782154394,1,-0.84446156,0.040861044,9.193735
317782154428,3,130.0,-3.0,-2.0
317782154432,2,-11.5,-11.6875,-41.625
317782154434,1,-0.38136974,0.53119355,9.956474
317782154471,3,134.0,-1.0,4.0
317782154474,2,-12.25,-11.4375,-41.375
317782154476,1,0.7218784,0.14982383,10.800936
317782154576,3,134.0,1.0,1.0
317782154579,2,-12.25,-10.375,-41.375
317782154581,1,0.14982383,-0.08172209,9.724928
317782154662,3,133.0,0.0,1.0
317782154665,2,-12.75,-9.375,-41.625
317782154667,1,0.10896278,0.0,10.106298
317782154726,3,133.0,2.0,0.0
317782154728,2,-12.25,-9.125,-41.375
317782154730,1,0.08172209,-0.29964766,9.847511
317782154797,2,-11.75,-9.375,-41.875
317782154801,1,-0.0,-0.29964766,9.956474
317782154921,3,133.0,2.0,-1.0
317782154925,2,-11.5,-9.375,-42.125
317782154927,1,-0.23154591,-0.27240697,9.956474
317782154960,3,137.0,3.0,2.0
317782154966,2,-10.75,-9.125,-41.875
317782154968,1,0.3405087,-0.5720546,10.269742
317782155053,2,-11.0,-8.875,-41.625
317782155056,1,0.3405087,-0.5720546,9.956474
317782155168,3,136.0,2.0,1.0
317782155171,2,-11.25,-8.375,-41.625
317782155187,1,0.10896278,-0.38136974,9.915613
317782155206,3,135.0,1.0,-1.0
317782155208,2,-11.0,-8.625,-41.875
317782155217,1,-0.14982383,-0.14982383,9.915613
317782155364,3,130.0,0.0,-3.0
317782155366,2,-10.5,-8.875,-42.3125
317782155368,1,-0.46309182,0.08172209,9.915613
317782155383,2,-9.75,-9.125,-43.0625
317782155385,1,-0.50395286,0.0,10.038197
317782155440,3,131.0,2.0,-1.0
317782155443,2,-9.25,-9.875,-42.8125
317782155445,1,-0.23154591,-0.27240697,10.079058
317782155572,3,135.0,2.0,0.0
317782155575,2,-9.5,-9.375,-42.5625
317782155578,1,0.040861044,-0.38136974,9.915613
317782155600,3,136.0,2.0,1.0
317782155602,2,-10.0,-9.125,-42.3125
317782155605,1,0.10896278,-0.42223078,9.956474
317782155699,3,136.0,2.0,0.0
317782155701,2,-10.5,-9.125,-42.3125
317782155704,1,-0.0,-0.29964766,9.888372
317782155783,3,135.0,1.0,-1.0
317782155785,2,-10.0,-8.625,-42.3125
317782155787,1,-0.14982383,-0.10896278,10.038197
317782155842,3,134.0,0.0,-2.0
317782155845,2,-9.5,-9.125,-42.3125
317782155847,1,-0.27240697,-0.040861044,9.888372
317782155968,3,134.0,0.0,-1.0
317782156013,2,-9.5,-9.375,-42.3125
317782156015,1,-0.14982383,-0.08172209,10.106298
317782156070,3,135.0,2.0,0.0
317782156072,2,-9.25,-9.375,-42.125
317782156074,1,0.040861044,-0.27240697,9.956474
317782156124,2,-10.0,-9.375,-42.3125
317782156127,1,0.040861044,-0.29964766,10.147159
317782156202,3,135.0,1.0,0.0
317782156204,2,-10.5,-8.875,-42.3125
317782156206,1,0.08172209,-0.23154591,9.956474
317782156262,3,135.0,2.0,0.0
317782156264,2,-10.25,-8.625,-42.3125
317782156266,1,-0.08172209,-0.27240697,9.80665
317782156382,3,131.0,0.0,-2.0
317782156385,2,-10.25,-8.125,-42.5625
317782156388,1,-0.313268,-0.040861044,9.997335
317782156452,3,130.0,0.0,-2.0
317782156455,2,-10.0,-8.125,-42.5625
317782156457,1,-0.38136974,-0.040861044,9.915613
317782156511,3,130.0,1.0,-1.0
317782156514,2,-10.25,-8.375,-42.8125
317782156516,1,-0.10896278,-0.10896278,9.915613
317782156584,3,131.0,2.0,0.0
317782156586,2,-10.25,-8.625,-42.8125
317782156588,1,0.040861044,-0.27240697,9.915613
317782156658,3,131.0,1.0,0.0
317782156660,2,-10.5,-8.625,-42.8125
317782156664,1,-0.0,-0.23154591,9.915613
317782156740,3,131.0,1.0,1.0
317782156743,2,-10.75,-8.625,-43.3125
317782156745,1,0.08172209,-0.19068487,9.80665
317782156803,2,-10.0,-8.125,-43.3125
317782156805,1,0.10896278,-0.23154591,9.80665
317782156915,3,131.0,0.0,0.0
317782156917,2,-9.75,-7.875,-43.0625
317782156919,1,0.040861044,0.08172209,9.847511
317782156982,3,131.0,2.0,0.0
317782156984,2,-10.0,-7.875,-42.8125
317782156986,1,-0.040861044,-0.42223078,9.724928
317782157120,3,130.0,0.0,-1.0
317782157123,2,-10.25,-7.5625,-42.125
317782157126,1,-0.10896278,-0.040861044,9.847511
317782157142,3,130.0,1.0,-2.0
317782157145,2,-10.75,-8.125,-42.3125
317782157147,1,-0.27240697,-0.19068487,9.997335
317782157250,3,129.0,0.0,-2.0
317782157252,2,-11.0,-8.125,-43.0625
317782157254,1,-0.27240697,0.08172209,9.915613
317782157627,3,129.0,0.0,-1.0
317782157629,2,-10.75,-8.875,-43.0625
317782157633,1,-0.10896278,0.0,9.765789
317782157635,3,130.0,1.0,0.0
317782157637,2,-9.75,-9.125,-43.3125
317782157639,1,0.040861044,-0.19068487,10.147159
317782157644,3,126.0,-3.0,-3.0
317782157646,2,-9.25,-9.375,-43.0625
317782157648,1,-0.61291564,0.53119355,9.956474
317782157674,3,132.0,0.0,0.0
317782157676,2,-8.5,-10.125,-42.8125
317782157678,1,-0.08172209,-0.040861044,9.997335
317782157743,3,132.0,-1.0,-2.0
317782157746,2,-8.5,-10.375,-43.3125
317782157750,1,-0.313268,0.19068487,10.079058
317782157753,3,132.0,-2.0,-2.0
317782157755,2,-8.75,-10.875,-43.0625
317782157757,1,-0.42223078,0.3405087,10.106298
317782157784,3,138.0,-1.0,2.0
317782157787,2,-8.75,-11.6875,-42.5625
317782157789,1,0.29964766,0.23154591,9.847511
317782157888,3,129.0,-9.0,-1.0
317782157893,2,-9.75,-12.6875,-41.875
317782157895,1,-0.14982383,1.5390993,9.697687
317782157989,3,125.0,-11.0,1.0
317782157992,2,-10.0,-14.25,-40.625
317782157994,1,0.08172209,1.920469,9.466142
317782158036,3,129.0,-10.0,2.0
317782158038,2,-10.25,-15.75,-40.125
317782158062,1,0.38136974,1.7978859,9.997335
317782158127,3,129.0,-11.0,0.0
317782158129,2,-11.0,-16.25,-40.375
317782158131,1,-0.040861044,1.8387469,9.302697
317782158221,3,129.0,-7.0,0.0
317782158223,2,-10.75,-15.0,-40.875
317782158226,1,-0.08172209,1.2258313,10.378705
317782158328,3,136.0,1.0,0.0
317782158368,2,-10.75,-12.9375,-41.625
317782158370,1,0.08172209,-0.14982383,10.106298
317782158384,3,136.0,1.0,-1.0
317782158396,2,-10.5,-10.625,-42.3125
317782158399,1,-0.23154591,-0.08172209,9.724928
317782158497,3,136.0,3.0,-1.0
317782158499,2,-10.0,-8.625,-42.3125
317782158503,1,-0.10896278,-0.61291564,10.079058
317782158546,2,-9.5,-8.375,-42.8125
317782158548,1,-0.23154591,-0.46309182,9.80665
317782158663,3,136.0,2.0,-2.0
317782158665,2,-9.0,-7.875,-43.0625
317782158667,1,-0.27240697,-0.38136974,9.724928
317782158697,3,135.0,3.0,-3.0
317782158699,2,-9.25,-7.5625,-43.3125
317782158703,1,-0.53119355,-0.53119355,9.956474
317782158793,3,134.0,3.0,-3.0
317782158795,2,-9.25,-7.3125,-43.8125
317782158797,1,-0.53119355,-0.53119355,9.915613
317782158883,3,133.0,3.0,-3.0
317782158886,2,-9.25,-7.3125,-43.5625
317782158888,1,-0.53119355,-0.53119355,10.079058
317782158942,3,132.0,3.0,-3.0
317782158944,2,-9.25,-7.5625,-43.8125
317782158946,1,-0.61291564,-0.46309182,10.038197
317782159049,3,132.0,4.0,-3.0
317782159052,2,-8.75,-7.875,-43.5625
317782159054,1,-0.50395286,-0.61291564,9.956474
317782159136,2,-8.5,-7.875,-44.0625
317782159138,1,-0.5720546,-0.61291564,9.80665
317782159181,3,132.0,3.0,-2.0
317782159184,2,-9.0,-7.0625,-44.3125
317782159186,1,-0.313268,-0.5720546,9.997335
317782159283,3,131.0,3.0,-4.0
317782159286,2,-9.0,-6.8125,-44.3125
317782159326,1,-0.61291564,-0.50395286,9.765789
317782159347,3,131.0,3.0,-2.0
317782159350,2,-9.0,-6.0625,-44.5625
317782159353,1,-0.3405087,-0.53119355,10.079058
317782159439,3,131.0,3.0,-3.0
317782159442,2,-8.75,-6.3125,-43.8125
317782159444,1,-0.53119355,-0.5720546,9.847511
317782159532,2,-8.75,-6.5625,-43.5625
317782159534,1,-0.46309182,-0.53119355,9.997335
317782159583,2,-8.5,-6.5625,-43.5625
317782159585,1,-0.46309182,-0.53119355,10.038197
317782159675,2,-8.5,-7.0625,-43.8125
317782159677,1,-0.53119355,-0.53119355,9.997335
317782159818,2,-8.75,-7.0625,-44.0625
317782159827,1,-0.46309182,-0.50395286,9.997335
317782159841,2,-8.5,-6.8125,-44.0625
317782159844,1,-0.53119355,-0.53119355,9.956474
317782159916,3,131.0,3.0,-2.0
317782159918,2,-8.5,-7.0625,-44.0625
317782159923,1,-0.42223078,-0.53119355,9.888372
317782159983,3,131.0,3.0,-3.0
317782160049,2,-8.5,-7.0625,-43.3125
317782160052,1,-0.50395286,-0.5720546,9.915613
317782160074,2,-8.75,-7.5625,-42.8125
317782160076,1,-0.50395286,-0.53119355,9.956474
317782160147,3,132.0,3.0,-3.0
317782160149,2,-8.75,-8.375,-43.0625
317782160203,1,-0.46309182,-0.53119355,10.038197
317782160233,3,132.0,3.0,-2.0
317782160243,2,-9.25,-8.375,-43.3125
317782160245,1,-0.42223078,-0.53119355,9.847511
317782160356,2,-9.5,-8.375,-43.5625
317782160362,1,-0.42223078,-0.5720546,9.847511
317782160437,3,132.0,3.0,-3.0
317782160439,2,-9.25,-8.125,-43.8125
317782160444,1,-0.46309182,-0.53119355,9.915613
317782160499,2,-9.25,-7.5625,-43.5625
317782160503,1,-0.46309182,-0.53119355,9.997335
317782160596,2,-9.0,-6.8125,-42.8125
317782160598,1,-0.50395286,-0.5720546,9.915613
317782160643,2,-8.75,-7.0625,-42.5625
317782160645,1,-0.46309182,-0.5720546,9.888372
317782160728,2,-8.5,-6.8125,-42.3125
317782160749,1,-0.50395286,-0.46309182,9.888372
317782160821,2,-8.0625,-6.8125,-42.3125
317782160824,1,-0.50395286,-0.50395286,9.888372
317782160883,2,-8.3125,-7.3125,-42.3125
317782160886,1,-0.50395286,-0.5720546,9.956474
317782160986,2,-8.5,-7.0625,-42.5625
317782160989,1,-0.46309182,-0.53119355,9.888372
317782161063,2,-9.0,-7.0625,-42.8125
317782161065,1,-0.46309182,-0.5720546,9.915613
317782161139,2,-9.5,-6.8125,-43.0625
317782161143,1,-0.46309182,-0.5720546,9.888372
317782161225,3,132.0,4.0,-2.0
317782161228,2,-9.0,-7.0625,-43.5625
317782161230,1,-0.42223078,-0.61291564,9.888372
317782161387,3,132.0,3.0,-3.0
317782161390,2,-9.25,-7.0625,-43.8125
317782161398,1,-0.50395286,-0.5720546,9.888372
317782161430,3,132.0,4.0,-3.0
317782161439,2,-8.5,-7.3125,-44.0625
317782161442,1,-0.46309182,-0.61291564,9.915613
317782161485,3,132.0,3.0,-3.0
317782161779,2,-8.3125,-7.5625,-43.8125
317782161783,1,-0.50395286,-0.5720546,9.997335
317782161825,2,-8.5,-7.3125,-43.3125
317782161827,1,-0.53119355,-0.61291564,10.038197
317782161830,2,-8.3125,-7.3125,-43.0625
317782161833,1,-0.46309182,-0.5720546,9.534244
317782161835,3,132.0,3.0,-4.0
317782161837,2,-8.75,-7.0625,-42.8125
317782161840,1,-0.6537767,-0.53119355,9.80665
317782161844,2,-8.75,-7.3125,-42.5625
317782161846,1,-0.61291564,-0.53119355,9.915613
317782161898,2,-8.75,-7.3125,-42.8125
317782161902,1,-0.61291564,-0.5720546,9.847511
317782161981,3,132.0,3.0,-3.0
317782161983,2,-8.5,-7.3125,-42.8125
317782161989,1,-0.5720546,-0.53119355,9.956474
317782162096,2,-8.5,-7.5625,-43.0625
317782162099,1,-0.53119355,-0.5720546,9.888372
317782162155,2,-8.5,-7.3125,-43.3125
317782162158,1,-0.53119355,-0.5720546,9.915613
317782162226,2,-7.8125,-7.5625,-43.3125
317782162228,1,-0.5720546,-0.53119355,9.915613
317782162398,2,-7.8125,-7.5625,-43.5625
317782162402,1,-0.53119355,-0.53119355,9.847511
317782162409,3,133.0,4.0,-3.0
317782162412,2,-7.5625,-7.3125,-43.3125
317782162414,1,-0.53119355,-0.6537767,9.915613
317782162484,3,133.0,2.0,-2.0
317782162487,2,-7.5625,-7.0625,-43.8125
317782162489,1,-0.3405087,-0.42223078,9.847511
317782162580,3,134.0,4.0,0.0
317782162583,2,-8.0625,-6.8125,-44.3125
317782162585,1,-0.08172209,-0.8036005,11.304889
317782162627,3,134.0,4.0,-1.0
317782162631,2,-8.5,-6.5625,-44.0625
317782162633,1,-0.23154591,-0.7218784,11.223166
317782162755,3,134.0,7.0,-1.0
317782162758,2,-9.0,-5.5625,-44.0625
317782162760,1,-0.19068487,-1.2258313,10.528529
317782162796,3,135.0,9.0,0.0
317782162799,2,-10.0,-5.5625,-43.3125
317782162803,1,-0.040861044,-1.607201,10.760075
317782162876,3,131.0,5.0,-2.0
317782162879,2,-10.75,-5.3125,-42.8125
317782162881,1,-0.38136974,-0.88532263,10.419566
317782162982,3,127.0,4.0,-4.0
317782162985,2,-10.75,-5.5625,-43.5625
317782162987,1,-0.7218784,-0.8036005,10.760075
317782163023,3,132.0,6.0,-1.0
317782163025,2,-10.25,-7.0625,-43.8125
317782163027,1,-0.10896278,-1.1849703,11.141444
317782163130,3,133.0,4.0,-1.0
317782163133,2,-9.25,-7.5625,-44.3125
317782163135,1,-0.19068487,-0.7218784,11.495573
317782163194,3,133.0,3.0,-3.0
317782163196,2,-9.75,-8.125,-44.5625
317782163198,1,-0.53119355,-0.61291564,10.7192135
317782163286,3,133.0,4.0,-2.0
317782163383,2,-10.5,-8.625,-44.0625
317782163385,1,-0.38136974,-0.6946377,10.460427
317782163396,3,133.0,5.0,-1.0
317782163398,2,-11.5,-8.375,-44.0625
317782163402,1,-0.14982383,-0.9125633,9.575105
317782163509,3,133.0,6.0,-2.0
317782163517,2,-12.75,-8.125,-44.5625
317782163523,1,-0.313268,-0.9125633,9.084772
317782163529,3,132.0,5.0,-2.0
317782163531,2,-12.25,-7.5625,-45.0625
317782163533,1,-0.38136974,-0.7218784,8.689782
317782163616,3,133.0,9.0,-2.0
317782163618,2,-12.0,-6.5625,-45.5
317782163620,1,-0.313268,-1.4982382,9.00305
317782163673,3,133.0,8.0,-2.0
317782163675,2,-11.5,-6.0625,-46.25
317782163735,1,-0.38136974,-1.3075534,9.043911
317782163771,3,137.0,10.0,0.0
317782163773,2,-10.75,-6.0625,-46.25
317782163776,1,0.040861044,-1.607201,9.534244
317782163907,3,138.0,8.0,0.0
317782163916,2,-10.5,-6.3125,-46.0
317782163919,1,0.040861044,-1.334794,9.00305
317782163926,3,137.0,4.0,0.0
317782163928,2,-10.0,-7.0625,-45.5
317782163933,1,-0.040861044,-0.61291564,9.847511
317782164008,2,-10.0,-7.875,-45.0625
317782164014,1,-0.0,-0.7218784,9.80665
317782164102,3,138.0,4.0,2.0
317782164105,2,-10.5,-8.375,-45.0625
317782164107,1,0.29964766,-0.61291564,8.008764
317782164170,3,138.0,2.0,3.0
317782164172,2,-10.75,-8.625,-45.0625
317782164174,1,0.50395286,-0.3405087,9.152874
317782164344,3,138.0,4.0,2.0
317782164346,2,-11.0,-8.625,-45.5
317782164348,1,0.3405087,-0.61291564,9.193735
317782164379,3,137.0,3.0,-1.0
317782164384,2,-11.0,-8.375,-45.5
317782164386,1,-0.23154591,-0.50395286,10.378705
317782164408,3,137.0,6.0,-1.0
317782164421,2,-10.75,-8.625,-45.5
317782164423,1,-0.08172209,-0.95342433,9.084772
317782164516,3,138.0,4.0,1.0
317782164519,2,-10.5,-8.875,-45.75
317782164521,1,0.23154591,-0.7627395,10.337844
317782164567,3,139.0,3.0,1.0
317782164569,2,-10.25,-9.625,-45.5
317782164571,1,0.14982383,-0.5720546,10.038197
317782164679,3,143.0,4.0,2.0
317782164683,2,-10.5,-10.375,-45.75
317782164685,1,0.3405087,-0.7218784,9.615966
317782164724,3,143.0,4.0,1.0
317782164726,2,-11.25,-10.375,-45.75
317782164778,1,0.19068487,-0.7627395,9.956474
317782164818,3,143.0,5.0,0.0
317782164823,2,-11.75,-10.625,-45.75
317782164825,1,0.040861044,-0.8036005,9.724928
317782164893,3,131.0,-4.0,-2.0
317782164921,2,-11.75,-10.125,-46.0
317782164925,1,-0.23154591,0.38136974,6.1291566
317782164973,3,139.0,67.0,-22.0
317782164975,2,-12.5,-6.5625,-45.75
317782164977,1,-0.38136974,-0.95342433,0.10896278
317782165076,3,135.0,50.0,-36.0
317782165078,2,-13.5,-1.4375,-45.0625
317782165081,1,-0.50395286,-0.6537767,0.23154591
317782165168,3,129.0,48.0,-34.0
317782165171,2,-14.6875,5.6875,-42.8125
317782165173,1,-0.53119355,-0.6946377,0.3405087
317782165223,3,121.0,49.0,-32.0
317782165225,2,-16.4375,14.375,-38.9375
317782165228,1,-0.50395286,-0.7218784,0.38136974
317782165338,3,115.0,52.0,-26.0
317782165346,2,-17.6875,20.5,-34.5
317782165348,1,-0.42223078,-0.7627395,0.42223078
317782165422,3,109.0,56.0,-25.0
317782165425,2,-18.6875,25.8125,-30.5625
317782165458,1,-0.46309182,-0.9125633,0.42223078
317782165471,3,78.0,-168.0,-77.0
317782165474,2,-16.9375,23.8125,-34.25
317782165476,1,-7.273266,1.56634,-0.42223078
317782165546,3,59.0,-42.0,-44.0
317782165749,2,-5.3125,9.25,-27.125
317782165754,1,-2.5606253,2.4516625,0.95342433
317782165846,3,95.0,155.0,-59.0
317782165849,2,1.375,-2.5,-10.5
317782165857,1,-1.0351465,-0.50395286,-0.38136974
317782165859,3,113.0,179.0,10.0
317782165862,2,12.25,-15.0,4.0
317782165864,1,0.6537767,-0.040861044,-3.6774938
317782165866,3,107.0,168.0,28.0
317782165868,2,12.25,-25.9375,21.125
317782165871,1,1.4982382,-0.6537767,-2.7240696
317782165921,3,76.0,171.0,4.0
317782165924,2,-2.125,-25.4375,37.5625
317782165928,1,0.3405087,-0.8036005,-4.944186
317782166653,3,67.0,173.0,-2.0
317782166655,2,-8.5,16.375,138.0625
317782166657,1,-0.3405087,-1.1168685,-9.697687
317782166733,3,105.0,173.0,-2.0
317782166741,2,3.5625,20.5,126.0625
317782166763,1,-0.313268,-1.1168685,-9.724928
317782166839,3,151.0,174.0,-2.0
317782166842,2,7.3125,16.375,121.875
317782166844,1,-0.313268,-1.0760075,-9.697687
317782166892,3,170.0,174.0,-2.0
317782166895,2,6.8125,16.625,122.125
317782166976,3,184.0,173.0,-2.0
317782166979,2,6.8125,16.375,122.125
317782167010,1,-0.313268,-1.1168685,-9.765789
317782167075,3,183.0,174.0,-2.0
317782167078,2,6.3125,16.625,122.125
317782167084,1,-0.3405087,-1.0760075,-9.697687
317782167147,3,183.0,173.0,-2.0
317782167152,2,5.8125,17.125,122.375
317782167154,1,-0.313268,-1.1441092,-9.724928
317782167235,3,182.0,173.0,-2.0
317782167238,2,6.0625,17.4375,122.125
317782167241,1,-0.313268,-1.1168685,-9.724928
317782167416,3,98.0,175.0,-7.0
317782167419,2,6.5625,17.4375,122.375
317782167449,1,-1.2666923,-0.9125633,-9.615966
317782167455,3,185.0,173.0,1.0
317782167457,2,7.5625,17.125,122.875
317782167460,1,0.14982383,-1.1849703,-9.656827
317782167480,3,156.0,175.0,-3.0
317782167483,2,8.0625,16.875,122.875
317782167485,1,-0.61291564,-0.9942854,-10.651112
317782167611,3,206.0,174.0,0.0
317782167614,2,6.5625,15.375,122.125
317782167616,1,0.08172209,-1.2666923,-12.14935
317782167636,3,121.0,169.0,13.0
317782167639,2,3.5625,8.0,112.5625
317782167641,1,3.173541,-2.6423476,-13.0619135
317782167738,3,101.0,178.0,6.0
317782167741,2,2.625,-1.75,93.6875
317782167744,1,1.2258313,-0.3405087,-12.4489975
317782167799,3,23.0,179.0,-1.0
317782167803,2,4.0625,-11.4375,72.875
317782167836,1,-0.10896278,-0.27240697,-11.223166
317782167883,3,354.0,-173.0,0.0
317782167885,2,9.0,-19.0625,51.75
317782167887,1,-0.0,1.3756552,-10.923519
317782168000,3,47.0,-173.0,-13.0
317782168003,2,16.9375,-20.375,38.0625
317782168005,1,-2.4516625,1.2258313,-10.460427
317782168033,3,72.0,-171.0,-23.0
317782168035,2,24.375,-19.0625,31.9375
317782168037,1,-3.568531,1.4982382,-8.19945
317782168128,3,92.0,-172.0,-34.0
317782168130,2,30.75,-17.0,26.5625
317782168133,1,-4.2904096,1.1168685,-6.1700177
317782168222,3,115.0,-179.0,-45.0
317782168224,2,36.6875,-14.5,19.9375
317782168228,1,-5.134871,0.14982383,-5.053149
317782168995,3,115.0,9.0,11.0
317782168998,2,-44.625,-15.0,-27.625
317782169000,1,1.4165162,-1.1849703,7.014479
317782169075,3,115.0,12.0,8.0
317782169144,2,-33.25,-7.0625,-25.6875
317782169156,1,1.2666923,-1.7978859,8.471856
317782169173,3,116.0,11.0,7.0
317782169175,2,-26.8125,-6.5625,-32.5625
317782169178,1,1.4982382,-2.3018389,11.413852
317782169253,3,112.0,5.0,3.0
317782169256,2,-21.125,-2.75,-37.6875
317782169258,1,0.53119355,-1.1168685,11.836082
317782169394,3,119.0,11.0,6.0
317782169400,2,-18.4375,-3.0,-39.375
317782169406,1,1.0351465,-1.920469,9.697687
317782169420,3,119.0,6.0,-2.0
317782169423,2,-15.9375,-4.0,-40.625
317782169425,1,-0.313268,-1.0351465,9.847511
317782169542,3,118.0,1.0,-2.0
317782169545,2,-13.75,-6.0625,-41.125
317782169550,1,-0.27240697,-0.10896278,10.079058
317782169573,3,119.0,1.0,1.0
317782169575,2,-12.25,-7.0625,-41.375
317782169577,1,0.10896278,-0.23154591,10.038197
317782169655,3,123.0,2.0,-1.0
317782169657,2,-11.75,-8.125,-41.625
317782169673,1,-0.14982383,-0.27240697,9.997335
317782169779,3,124.0,2.0,-3.0
317782169783,2,-10.25,-8.375,-42.125
317782169785,1,-0.42223078,-0.27240697,9.425281
317782169823,3,128.0,3.0,-3.0
317782169826,2,-9.25,-8.125,-42.5625
317782169828,1,-0.50395286,-0.5720546,9.956474
317782169931,3,129.0,4.0,-3.0
317782169933,2,-9.0,-7.875,-42.8125
317782169938,1,-0.50395286,-0.61291564,9.847511
317782169974,3,129.0,3.0,-4.0
317782169976,2,-8.0625,-7.5625,-43.0625
317782169978,1,-0.61291564,-0.46309182,9.888372
317782170067,3,130.0,3.0,-3.0
317782170069,2,-8.0625,-7.875,-43.0625
317782170073,1,-0.61291564,-0.50395286,9.956474
317782170159,3,130.0,3.0,-4.0
317782170162,2,-8.0625,-8.125,-43.3125
317782170164,1,-0.6946377,-0.50395286,9.956474
317782170213,3,131.0,3.0,-3.0
317782170216,2,-7.5625,-8.375,-43.0625
317782170219,1,-0.53119355,-0.53119355,9.888372
317782170311,3,132.0,4.0,-4.0
317782170313,2,-7.8125,-8.375,-42.8125
317782170315,1,-0.6537767,-0.6537767,10.038197
317782170393,3,132.0,3.0,-3.0
317782170395,2,-8.3125,-8.125,-42.5625
317782170397,1,-0.5720546,-0.5720546,9.847511
317782170473,2,-8.0625,-8.125,-42.3125
317782170841,1,-0.5720546,-0.46309182,9.956474
317782170844,2,-8.0625,-8.125,-42.5625
317782170846,1,-0.61291564,-0.46309182,9.956474
317782170849,2,-7.8125,-7.5625,-43.0625
317782170852,1,-0.5720546,-0.50395286,9.997335
317782170854,3,133.0,3.0,-3.0
317782170856,2,-7.3125,-8.125,-42.8125
317782170859,1,-0.5720546,-0.46309182,9.997335
317782170862,2,-7.5625,-8.125,-42.8125
317782170865,1,-0.53119355,-0.46309182,9.888372
317782170937,3,134.0,3.0,-3.0
317782170939,2,-7.8125,-8.625,-42.5625
317782170942,1,-0.50395286,-0.50395286,9.956474
317782170979,2,-8.0625,-9.375,-42.125
317782170982,1,-0.61291564,-0.50395286,9.956474
317782171060,3,135.0,3.0,-3.0
317782171086,2,-8.0625,-9.125,-41.875
317782171090,1,-0.50395286,-0.53119355,9.956474
317782171167,2,-8.3125,-9.375,-42.5625
317782171169,1,-0.53119355,-0.46309182,9.847511
317782171213,2,-8.0625,-9.375,-42.8125
317782171234,1,-0.5720546,-0.53119355,10.106298
317782171363,2,-8.0625,-9.125,-42.8125
317782171368,1,-0.53119355,-0.53119355,9.915613
317782171429,2,-8.0625,-9.125,-43.3125
317782171432,1,-0.53119355,-0.50395286,9.888372
317782171497,2,-7.8125,-9.125,-42.8125
317782171500,1,-0.53119355,-0.50395286,9.956474
317782171573,2,-8.3125,-8.625,-43.0625
317782171575,1,-0.5720546,-0.50395286,9.888372
317782171701,2,-8.3125,-8.375,-43.0625
317782171707,1,-0.53119355,-0.53119355,9.915613
317782171738,2,-8.0625,-8.375,-43.3125
317782171740,1,-0.50395286,-0.50395286,9.915613
317782171830,2,-8.0625,-8.125,-43.3125
317782171833,1,-0.5720546,-0.53119355,9.956474
317782171918,2,-7.8125,-7.875,-43.0625
317782171927,1,-0.53119355,-0.53119355,9.915613
317782171963,2,-7.5625,-8.125,-43.0625
317782171965,1,-0.53119355,-0.50395286,9.915613
317782172058,2,-7.8125,-7.875,-42.5625
317782172085,1,-0.53119355,-0.50395286,9.956474
317782172127,2,-7.8125,-8.125,-43.0625
317782172209,2,-7.3125,-8.375,-42.8125
317782172212,1,-0.53119355,-0.46309182,9.915613
317782172285,3,136.0,3.0,-3.0
317782172287,2,-7.3125,-8.875,-42.8125
317782172367,1,-0.53119355,-0.46309182,9.956474
317782172379,3,137.0,3.0,-3.0
317782172390,2,-6.8125,-8.875,-43.3125
317782172393,1,-0.5720546,-0.50395286,10.038197
317782172470,2,-7.0625,-8.625,-42.5625
317782172472,1,-0.53119355,-0.46309182,9.997335
317782172524,2,-7.8125,-8.625,-42.8125
317782172526,1,-0.53119355,-0.46309182,9.956474
317782172603,2,-8.0625,-8.375,-43.0625
317782172605,1,-0.53119355,-0.50395286,9.956474
317782172709,2,-8.5,-8.625,-42.8125
317782172712,1,-0.53119355,-0.46309182,9.997335
317782172762,2,-8.0625,-8.625,-42.5625
317782172864,2,-8.0625,-8.875,-43.0625
317782172866,1,-0.53119355,-0.46309182,9.956474
317782172923,2,-8.0625,-8.375,-43.3125
317782173003,3,137.0,2.0,-3.0
317782173005,2,-8.3125,-8.375,-43.5625
317782173062,1,-0.53119355,-0.42223078,9.997335
317782173090,3,137.0,3.0,-3.0
317782173092,2,-8.75,-8.875,-44.0625
317782173094,1,-0.53119355,-0.46309182,9.956474
317782173168,2,-8.5,-8.375,-43.3125
317782173236,1,-0.53119355,-0.46309182,10.038197
317782173251,3,137.0,2.0,-3.0
317782173253,2,-8.5,-8.625,-43.0625
317782173256,1,-0.53119355,-0.42223078,9.956474
317782173391,3,137.0,3.0,-3.0
317782173393,2,-8.3125,-8.375,-43.3125
317782173422,1,-0.53119355,-0.46309182,9.915613
317782173431,3,136.0,3.0,-3.0
317782173434,2,-8.3125,-7.875,-43.3125
317782173436,1,-0.53119355,-0.46309182,10.038197
317782173499,3,136.0,2.0,-3.0
317782173502,2,-8.3125,-8.125,-43.5625
317782173504,1,-0.50395286,-0.42223078,9.956474
317782173624,7,33.0,0.0,0.0
317782173626,3,136.0,3.0,-3.0
317782173628,2,-8.0625,-8.125,-43.5625
317782173632,1,-0.53119355,-0.46309182,9.997335
317782173666,7,32.0,0.0,0.0
317782173668,3,136.0,2.0,-3.0
317782173671,2,-8.3125,-8.375,-43.3125
317782173673,1,-0.50395286,-0.42223078,9.956474
317782173757,3,136.0,3.0,-3.0
317782173759,2,-8.0625,-8.375,-43.3125
317782173762,1,-0.53119355,-0.46309182,10.038197
317782173849,2,-7.8125,-8.625,-43.3125
317782173852,1,-0.53119355,-0.46309182,9.997335
317782173893,7,33.0,0.0,0.0
317782173904,3,136.0,2.0,-3.0
317782173906,2,-8.3125,-8.875,-43.3125
317782173907,1,-0.53119355,-0.42223078,9.997335
317782174015,7,32.0,0.0,0.0
317782174017,3,136.0,3.0,-3.0
317782174019,2,-8.5,-8.375,-43.0625
317782174024,1,-0.53119355,-0.46309182,9.847511
317782174060,7,33.0,0.0,0.0
317782174063,2,-8.5,-8.375,-42.8125
317782174065,1,-0.53119355,-0.46309182,10.038197
317782174144,7,32.0,0.0,0.0
317782174146,3,135.0,2.0,-3.0
317782174148,2,-8.75,-8.125,-43.0625
317782174150,1,-0.50395286,-0.42223078,9.997335
317782174252,2,-8.3125,-8.125,-43.0625
317782174254,1,-0.5720546,-0.42223078,9.956474
317782174414,7,33.0,0.0,0.0
317782174416,2,-7.5625,-8.125,-42.8125
317782174418,1,-0.53119355,-0.42223078,9.997335
317782174429,3,135.0,3.0,-3.0
317782174431,2,-7.3125,-8.375,-43.0625
317782174434,1,-0.53119355,-0.46309182,9.956474
317782174499,3,135.0,2.0,-3.0
317782174502,2,-7.3125,-7.875,-42.3125
317782174504,1,-0.53119355,-0.42223078,9.997335
317782174554,3,135.0,3.0,-3.0
317782174556,2,-7.5625,-8.125,-42.125
317782174558,1,-0.53119355,-0.46309182,10.038197
317782174632,2,-7.5625,-8.875,-41.875
317782174634,1,-0.53119355,-0.46309182,9.997335
317782174707,2,-7.8125,-8.375,-41.375
317782174709,1,-0.53119355,-0.50395286,9.915613
317782174802,7,32.0,0.0,0.0
317782174805,3,136.0,3.0,-3.0
317782174807,2,-7.5625,-9.125,-41.625
317782174809,1,-0.50395286,-0.46309182,9.80665
317782174891,2,-7.8125,-8.375,-41.875
317782174893,1,-0.5720546,-0.50395286,10.079058
317782174943,7,33.0,0.0,0.0
317782174945,2,-8.0625,-8.375,-41.625
317782174947,1,-0.53119355,-0.46309182,9.956474
317782175036,7,32.0,0.0,0.0
317782175038,2,-8.0625,-8.875,-42.125
317782175040,1,-0.50395286,-0.46309182,9.997335
317782175280,7,33.0,0.0,0.0
317782175283,2,-8.0625,-8.875,-42.3125
317782175285,1,-0.53119355,-0.46309182,10.038197
317782175288,2,-7.3125,-9.125,-42.3125
317782175400,1,-0.5720546,-0.46309182,10.079058
317782175415,2,-7.3125,-8.625,-43.0625
317782175417,1,-0.5720546,-0.46309182,10.106298
317782175425,2,-7.3125,-8.375,-43.3125
317782175427,1,-0.61291564,-0.46309182,10.147159
317782175449,3,136.0,2.0,-3.0
317782175452,2,-7.5625,-8.375,-43.0625
317782175454,1,-0.46309182,-0.42223078,9.697687
317782175565,7,32.0,0.0,0.0
317782175567,3,136.0,3.0,-3.0
317782175569,2,-7.8125,-8.375,-43.0625
317782175584,1,-0.53119355,-0.53119355,9.915613
317782175649,7,33.0,0.0,0.0
317782175652,3,136.0,3.0,-4.0
317782175654,2,-7.5625,-8.625,-42.8125
317782175656,1,-0.7218784,-0.50395286,9.997335
317782175703,2,-7.8125,-8.875,-42.125
317782175705,1,-0.61291564,-0.50395286,9.915613
317782175795,3,136.0,2.0,-3.0
317782175797,2,-7.5625,-9.125,-42.5625
317782175799,1,-0.53119355,-0.38136974,9.915613
317782175853,3,136.0,2.0,-4.0
317782175855,2,-8.0625,-9.125,-42.3125
317782175857,1,-0.61291564,-0.42223078,9.888372
317782175959,3,136.0,3.0,-3.0
317782175962,2,-8.3125,-8.625,-42.5625
317782175964,1,-0.5720546,-0.46309182,10.079058
317782176043,3,137.0,8.0,-5.0
317782176045,2,-8.0625,-8.875,-42.5625
317782176048,1,-0.92618364,-1.3756552,9.956474
317782176103,3,137.0,2.0,-1.0
317782176106,2,-8.0625,-8.375,-42.125
317782176108,1,-0.14982383,-0.27240697,9.956474
317782176175,3,137.0,4.0,-3.0
317782176177,2,-7.5625,-8.625,-42.5625
317782176179,1,-0.53119355,-0.7627395,10.038197
317782176244,3,130.0,2.0,-11.0
317782176351,2,-8.0625,-8.875,-42.125
317782176353,1,-2.2201166,-0.42223078,11.495573
317782176425,3,130.0,3.0,-5.0
317782176429,2,-8.75,-7.5625,-42.3125
317782176431,1,-1.0760075,-0.53119355,12.108489
317782176439,3,131.0,13.0,-11.0
317782176442,2,-9.25,-7.0625,-42.125
317782176444,1,-2.152015,-2.5606253,11.141444
317782176494,3,130.0,4.0,-4.0
317782176496,2,-9.75,-6.5625,-41.625
317782176499,1,-0.8036005,-0.7627395,11.223166
317782176571,3,121.0,0.0,-8.0
317782176573,2,-9.25,-6.0625,-42.125
317782176575,1,-1.4165162,0.040861044,10.501288
317782176693,3,125.0,6.0,-6.0
317782176695,2,-8.5,-6.0625,-42.8125
317782176697,1,-1.3075534,-1.334794,11.75436
317782176745,3,140.0,6.0,5.0
317782176748,2,-8.3125,-6.0625,-43.5625
317782176750,1,0.9125633,-1.0760075,10.56939
317782176823,3,140.0,4.0,-1.0
317782176825,2,-8.0625,-6.3125,-44.3125
317782176828,1,-0.08172209,-0.6537767,8.580819
317782176893,3,147.0,6.0,3.0
317782176943,2,-7.8125,-6.3125,-45.0625
317782176945,1,0.42223078,-0.8036005,7.273266
317782176978,3,147.0,6.0,0.0
317782176982,2,-7.3125,-7.0625,-44.8125
317782176984,1,-0.040861044,-1.0351465,9.724928
317782177085,3,147.0,4.0,0.0
317782177087,2,-7.3125,-7.5625,-45.0625
317782177112,1,-0.0,-0.6946377,9.615966
317782177134,3,146.0,3.0,0.0
317782177136,2,-7.3125,-7.5625,-44.8125
317782177138,1,-0.040861044,-0.50395286,9.765789
317782177213,3,145.0,4.0,-2.0
317782177215,2,-7.3125,-8.375,-44.5625
317782177217,1,-0.3405087,-0.5720546,8.349273
317782177384,3,144.0,1.0,-2.0
317782177386,2,-7.8125,-8.875,-44.8125
317782177388,1,-0.23154591,-0.19068487,8.430995
317782177446,3,144.0,2.0,0.0
317782177448,2,-8.0625,-9.625,-44.5625
317782177452,1,-0.040861044,-0.29964766,8.812365
317782177469,3,144.0,-1.0,2.0
317782177472,2,-8.0625,-10.375,-44.5625
317782177475,1,0.27240697,0.14982383,9.493382
317782177568,3,143.0,1.0,-2.0
317782177570,2,-8.5,-11.1875,-44.0625
317782177572,1,-0.313268,-0.10896278,10.18802
317782177619,3,143.0,1.0,-1.0
317782177622,2,-8.75,-11.4375,-43.8125
317782177624,1,-0.19068487,-0.23154591,9.656827
317782177731,3,143.0,2.0,-2.0
317782177733,2,-8.75,-11.4375,-44.0625
317782177735,1,-0.27240697,-0.29964766,9.997335
317782177774,3,143.0,2.0,-1.0
317782177776,2,-9.25,-11.1875,-44.0625
317782177834,1,-0.23154591,-0.3405087,10.18802
317782177858,3,142.0,1.0,-1.0
317782177890,2,-9.25,-10.875,-44.5625
317782177893,1,-0.23154591,-0.19068487,9.888372
317782177956,3,141.0,2.0,-2.0
317782177958,2,-9.25,-10.625,-44.8125
317782177961,1,-0.3405087,-0.27240697,9.915613
317782178031,3,140.0,1.0,-1.0
317782178033,2,-9.5,-10.375,-44.5625
317782178035,1,-0.23154591,-0.14982383,9.915613
317782178119,3,146.0,40.0,-14.0
317782178122,2,-9.25,-10.125,-44.5625
317782178124,1,-0.313268,-0.84446156,0.95342433
317782178222,3,146.0,57.0,-28.0
317782178225,2,-8.75,-9.125,-44.8125
317782178227,1,-0.42223078,-0.7627395,0.27240697
317782178368,3,146.0,49.0,-32.0
317782178370,2,-7.3125,-7.875,-45.75
317782178372,1,-0.50395286,-0.7218784,0.38136974
317782178379,3,146.0,45.0,-31.0
317782178384,2,-5.5625,-6.0625,-46.25
317782178386,1,-0.53119355,-0.7218784,0.50395286
317782178482,3,145.0,38.0,-30.0
317782178484,2,-4.0625,-4.25,-47.0
317782178486,1,-0.53119355,-0.6537767,0.6537767
317782178499,3,144.0,35.0,-30.0
317782178502,2,-3.3125,-3.5,-47.5
317782178505,1,-0.61291564,-0.6946377,0.8036005
317782178614,3,131.0,7.0,-3.0
317782178616,2,-15.1875,-3.75,-49.4375
317782178618,1,-0.10896278,-0.23154591,2.0294318
317782178675,3,168.0,131.0,23.0
317782178679,2,-0.875,-0.6875,-41.125
317782178681,1,0.27240697,-0.53119355,-0.38136974
317782178745,3,156.0,132.0,-37.0
317782178747,2,5.0625,5.1875,-17.8125
317782178749,1,-0.61291564,-0.7627395,-0.313268
317782178823,3,67.0,39.0,50.0
317782178825,2,0.875,13.3125,2.5
317782178863,1,2.6832085,-2.2201166,0.42223078
317782178903,3,100.0,-53.0,36.0
317782178905,2,7.0625,16.375,25.3125
317782178907,1,3.636633,4.9850473,0.9125633
317782178985,3,101.0,-40.0,49.0
317782178987,2,-11.5,14.125,36.8125
317782178998,1,7.7772183,6.6331096,1.3756552
317782179090,3,94.0,-21.0,67.0
317782179365,2,-20.125,9.5,34.625
317782179367,1,7.273266,2.7921712,1.3075534
317782179373,3,77.0,141.0,50.0
317782179376,2,-15.4375,6.1875,39.0625
317782179388,1,4.5219555,-3.6774938,-0.92618364
317782179394,3,65.0,165.0,41.0
317782179396,2,-2.125,9.25,43.9375
317782179398,1,4.671779,-1.7978859,-5.09401
317782179401,3,54.0,169.0,-21.0
317782179403,2,16.4375,10.5,42.4375
317782179405,1,-1.1849703,-0.61291564,-2.982856
317782179407,3,47.0,-180.0,-28.0
317782179409,2,34.0,13.3125,41.75
317782179412,1,-4.2495484,0.0,-8.158588
317782179466,3,121.0,176.0,-3.0
317782179468,2,48.0625,12.5625,38.0625
317782179483,1,-0.23154591,-0.38136974,-5.134871
317782179543,3,109.0,178.0,-13.0
317782179545,2,55.25,11.5625,33.125
317782179547,1,-2.152015,-0.3405087,-8.962189
317782179634,3,71.0,179.0,3.0
317782179636,2,55.5,13.3125,34.625
317782179638,1,0.5720546,-0.23154591,-10.228881
317782179704,3,140.0,177.0,-1.0
317782179706,2,55.0,12.8125,34.125
317782179708,1,-0.23154591,-0.50395286,-9.615966
317782179787,3,174.0,177.0,-1.0
317782179789,2,55.0,13.3125,33.375
317782179794,1,-0.23154591,-0.50395286,-9.575105
317782179863,3,190.0,177.0,-1.0
317782179865,2,54.5,13.0625,32.875
317782179867,1,-0.23154591,-0.46309182,-9.575105
317782179944,3,198.0,177.0,-1.0
317782179946,2,54.25,13.0625,33.375
317782180023,3,203.0,177.0,-1.0
317782180026,2,54.5,13.3125,33.625
317782180028,1,-0.23154591,-0.50395286,-9.575105
317782180104,2,54.5,13.0625,33.125
317782180106,1,-0.23154591,-0.46309182,-9.575105
317782180183,3,204.0,177.0,-1.0
317782180185,2,54.0,13.0625,33.875
317782180187,1,-0.23154591,-0.50395286,-9.697687
317782180263,3,203.0,177.0,-2.0
317782180266,2,54.0,13.5625,33.125
317782180268,1,-0.27240697,-0.50395286,-9.534244
317782180347,3,204.0,177.0,-1.0
317782180349,2,53.75,13.3125,33.625
317782180411,1,-0.23154591,-0.50395286,-9.575105
317782180423,3,203.0,177.0,-2.0
317782180425,2,54.0,13.8125,34.375
317782180429,1,-0.27240697,-0.46309182,-9.534244
317782180504,3,197.0,177.0,-2.0
317782180506,2,55.0,13.8125,33.875
317782180508,1,-0.313268,-0.46309182,-9.575105
317782180583,3,196.0,177.0,-2.0
317782180585,2,55.0,13.8125,34.625
317782180634,1,-0.313268,-0.46309182,-9.615966
317782180663,3,200.0,177.0,-1.0
317782180665,2,55.0,14.125,34.125
317782180667,1,-0.23154591,-0.46309182,-9.615966
317782180766,3,199.0,177.0,-2.0
317782180768,2,54.75,13.3125,33.625
317782180770,1,-0.313268,-0.50395286,-9.575105
317782180823,3,222.0,170.0,-1.0
317782180825,2,54.5,13.5625,33.625
317782180829,1,-0.23154591,-1.6480621,-9.615966
317782180903,3,298.0,-178.0,-3.0
317782180905,2,54.5,14.625,33.375
317782180907,1,-0.5720546,0.313268,-9.534244
317782181018,3,250.0,177.0,-2.0
317782181027,2,54.25,14.875,33.125
317782181029,1,-0.27240697,-0.53119355,-9.615966
317782181063,3,225.0,177.0,-2.0
317782181065,2,54.25,16.125,33.375
317782181067,1,-0.27240697,-0.50395286,-9.615966
317782181155,3,208.0,177.0,-2.0
317782181157,2,54.5,16.125,33.375
317782181159,1,-0.313268,-0.50395286,-9.575105
317782181223,3,197.0,178.0,-2.0
317782181225,2,54.5,15.375,33.125
317782181229,1,-0.27240697,-0.38136974,-9.534244
317782181338,3,140.0,-180.0,-6.0
317782181341,2,55.0,15.625,32.6875
317782181343,1,-0.9942854,-0.08172209,-9.80665
317782181390,3,153.0,173.0,-7.0
317782181418,2,55.75,14.125,30.9375
317782181421,1,-1.5390993,-1.4982382,-12.912089
317782181468,3,118.0,179.0,-20.0
317782181471,2,55.25,10.25,28.0
317782181473,1,-3.9090397,-0.19068487,-10.800936
317782181543,3,107.0,177.0,-42.0
317782181545,2,55.5,4.625,22.875
317782181547,1,-9.275456,-0.7627395,-10.378705
317782181626,3,117.0,173.0,-55.0
317782181628,2,54.25,-1.4375,16.5
317782181653,1,-10.378705,-1.525479,-7.164303
317782181703,3,129.0,177.0,-72.0
317782181705,2,52.3125,-6.8125,7.875
317782181707,1,-10.61025,-0.53119355,-3.405087
317782181813,3,149.0,175.0,-84.0
317782181815,2,51.0625,-8.875,-2.125
317782181818,1,-10.337844,-0.95342433,-0.38136974
317782181863,3,159.0,5.0,-78.0
317782181865,2,47.8125,-8.875,-12.4375
317782181867,1,-9.575105,-0.84446156,1.7570249
317782181945,3,182.0,-2.0,-58.0
317782181966,2,43.625,-8.375,-23.0
317782181969,1,-8.689782,0.42223078,5.325556
317782182023,3,195.0,0.0,-44.0
317782182025,2,36.6875,-7.5625,-31.8125
317782182027,1,-6.5513873,-0.040861044,6.742072
317782182112,3,206.0,6.0,-25.0
317782182115,2,27.3125,-6.5625,-38.4375
317782182117,1,-3.2961242,-0.84446156,7.1234417
317782182185,3,216.0,8.0,-6.0
317782182188,2,17.1875,-6.3125,-42.5625
317782182190,1,-0.8036005,-1.0351465,7.3141265
317782182264,3,222.0,9.0,9.0
317782182267,2,7.3125,-5.5625,-43.8125
317782182269,1,1.0760075,-1.1441092,6.973618
317782182372,3,196.0,14.0,1.0
317782182374,2,-10.25,-37.25,-44.9375
317782182376,1,0.10896278,-1.525479,6.1291566
317782182423,3,171.0,20.0,-30.0
317782182425,2,-13.75,-34.5625,-45.375
317782182427,1,-6.5922484,-4.5219555,10.501288
317782182505,3,154.0,3.0,-23.0
317782182507,2,-14.6875,-30.125,-45.9375
317782182509,1,-4.2904096,-0.6537767,10.147159
317782182583,3,147.0,12.0,-23.0
317782182585,2,-13.5,-26.25,-46.4375
317782182587,1,-3.1054392,-1.607201,7.014479
317782182673,3,147.0,17.0,-15.0
317782182675,2,-11.75,-24.0,-46.6875
317782182677,1,-2.6832085,-2.982856,9.302697
317782182743,3,148.0,19.0,-10.0
317782182745,2,-12.25,-23.5,-46.1875
317782182754,1,-1.607201,-2.982856,8.689782
317782182823,3,147.0,2.0,-8.0
317782182825,2,-12.75,-24.75,-45.6875
317782182827,1,-1.6480621,-0.3405087,11.114203
317782182945,3,147.0,2.0,-5.0
317782182947,2,-14.4375,-28.0625,-45.4375
317782182949,1,-0.84446156,-0.3405087,10.501288
317782182983,3,147.0,3.0,-11.0
317782182985,2,-15.4375,-30.375,-45.25
317782182987,1,-1.879608,-0.46309182,9.466142
317782183065,3,147.0,6.0,-6.0
317782183067,2,-16.4375,-32.375,-44.75
317782183069,1,-1.1849703,-1.1441092,10.923519
317782183143,3,148.0,5.0,-5.0
317782183149,2,-17.4375,-34.1875,-44.75
317782183151,1,-0.92618364,-0.9125633,10.800936
317782183223,3,148.0,3.0,-5.0
317782183225,2,-17.4375,-34.9375,-44.25
317782183227,1,-0.84446156,-0.5720546,10.079058
317782183385,3,149.0,3.0,-4.0
317782183405,2,-17.9375,-36.5,-44.0
317782183407,1,-0.6946377,-0.5720546,9.697687
317782183443,2,-18.1875,-37.75,-44.5
317782183446,1,-0.61291564,-0.46309182,9.915613
317782183475,3,149.0,1.0,-3.0
317782183668,2,-18.4375,-38.0,-44.25
317782183670,1,-0.46309182,-0.19068487,10.038197
317782183734,3,149.0,4.0,-5.0
317782183737,2,-18.4375,-38.5,-44.75
317782183739,1,-0.95342433,-0.7627395,9.997335
317782183743,3,149.0,2.0,-4.0
317782183745,2,-18.6875,-38.25,-44.5
317782183747,1,-0.61291564,-0.42223078,9.915613
317782183751,3,149.0,3.0,-4.0
317782183753,2,-18.6875,-38.25,-44.25
317782183755,1,-0.6537767,-0.46309182,10.038197
317782183792,2,-18.6875,-38.25,-44.0
317782183795,1,-0.6537767,-0.53119355,9.997335
317782183873,2,-18.9375,-38.25,-44.0
317782183876,1,-0.6537767,-0.46309182,9.997335
317782183952,2,-19.625,-38.25,-44.5
317782183955,1,-0.6537767,-0.50395286,10.038197
317782184035,3,149.0,1.0,0.0
317782184037,2,-20.125,-37.75,-44.0
317782184039,1,-0.040861044,-0.10896278,9.888372
317782184113,3,149.0,2.0,-4.0
317782184116,2,-19.875,-38.0,-44.5
317782184119,1,-0.6537767,-0.29964766,9.956474
317782184193,3,149.0,2.0,-3.0
317782184195,2,-20.125,-37.0,-45.0
317782184197,1,-0.61291564,-0.38136974,9.956474
317782184275,3,148.0,4.0,-10.0
317782184277,2,-20.125,-36.5,-44.75
317782184279,1,-1.7297841,-0.7218784,10.038197
317782184376,3,148.0,5.0,-3.0
317782184378,2,-19.875,-36.75,-45.25
317782184380,1,-0.53119355,-0.84446156,9.956474
317782184441,3,148.0,4.0,-5.0
317782184444,2,-20.375,-36.25,-44.5
317782184446,1,-0.92618364,-0.61291564,9.956474
317782184524,3,148.0,3.0,-5.0
317782184527,2,-20.125,-36.75,-44.0
317782184529,1,-0.84446156,-0.50395286,9.956474
317782184603,3,149.0,1.0,-1.0
317782184605,2,-19.4375,-37.5,-43.5
317782184607,1,-0.10896278,-0.14982383,10.038197
317782184697,3,150.0,-1.0,1.0
317782184699,2,-19.4375,-37.5,-43.25
317782184722,1,0.19068487,0.10896278,9.915613
317782184764,3,150.0,0.0,-3.0
317782184767,2,-19.1875,-37.75,-43.25
317782184769,1,-0.50395286,-0.08172209,9.915613
317782184843,3,150.0,3.0,-3.0
317782184845,2,-18.6875,-38.0,-43.0
317782184847,1,-0.53119355,-0.5720546,9.956474
317782184923,3,150.0,2.0,-4.0
317782184925,2,-18.9375,-37.5,-43.25
317782184930,1,-0.7218784,-0.27240697,9.997335
317782185003,3,150.0,3.0,-5.0
317782185005,2,-19.1875,-37.25,-43.0
317782185007,1,-0.84446156,-0.5720546,9.915613
317782185084,3,150.0,-1.0,1.0
317782185086,2,-19.1875,-37.5,-43.75
317782185088,1,0.10896278,0.10896278,9.534244
317782185163,3,150.0,3.0,-6.0
317782185165,2,-19.4375,-38.0,-44.0
317782185167,1,-1.0351465,-0.61291564,10.038197
317782185287,3,150.0,3.0,-4.0
317782185369,2,-18.9375,-38.5,-44.25
317782185372,1,-0.6537767,-0.53119355,10.106298
317782185387,3,150.0,2.0,-5.0
317782185389,2,-17.9375,-39.3125,-44.5
317782185398,1,-0.8036005,-0.42223078,9.80665
317782185421,3,151.0,3.0,-3.0
317782185424,2,-17.4375,-39.5625,-44.5
317782185426,1,-0.50395286,-0.5720546,10.079058
317782185500,3,151.0,3.0,-4.0
317782185503,2,-16.9375,-39.5625,-44.75
317782185505,1,-0.7218784,-0.50395286,9.888372
317782185568,2,-17.1875,-39.8125,-44.75
317782185570,1,-0.7627395,-0.5720546,10.106298
317782185671,2,-17.6875,-39.8125,-45.0
317782185681,1,-0.6946377,-0.53119355,10.038197
317782185726,3,151.0,3.0,-3.0
317782185729,2,-18.1875,-39.5625,-44.75
317782185772,1,-0.46309182,-0.46309182,9.997335
317782185822,3,151.0,2.0,-4.0
317782185824,2,-19.1875,-39.3125,-44.5
317782185830,1,-0.7218784,-0.3405087,10.079058
317782185886,1,-0.6537767,-0.42223078,9.997335
317782185963,3,152.0,1.0,0.0
317782185965,2,-19.4375,-39.5625,-44.25
317782185967,1,0.040861044,-0.19068487,9.384419
317782186053,3,152.0,4.0,-4.0
317782186056,2,-18.9375,-40.0625,-43.75
317782186058,1,-0.6946377,-0.8036005,10.269742
317782186124,3,152.0,3.0,-4.0
317782186126,2,-18.1875,-40.8125,-43.5
317782186128,1,-0.7218784,-0.5720546,9.80665
317782186203,3,152.0,3.0,-5.0
317782186205,2,-18.1875,-40.5625,-43.25
317782186209,1,-0.84446156,-0.50395286,10.079058
317782186341,3,152.0,1.0,-7.0
317782186344,2,-17.6875,-40.3125,-43.5
317782186346,1,-1.2666923,-0.14982383,9.888372
317782186364,3,152.0,5.0,-5.0
317782186366,2,-17.6875,-39.8125,-44.0
317782186368,1,-0.88532263,-0.8036005,9.997335
317782186445,3,152.0,3.0,-4.0
317782186447,2,-17.6875,-38.75,-44.0
317782186449,1,-0.7627395,-0.5720546,9.997335
317782186522,1,-0.7627395,-0.5720546,9.915613
317782186605,3,152.0,2.0,-2.0
317782186607,2,-18.1875,-38.75,-43.75
317782186609,1,-0.313268,-0.29964766,9.888372
317782186683,3,153.0,4.0,2.0
317782186685,2,-18.4375,-38.5,-43.5
317782186687,1,0.3405087,-0.7218784,9.997335
317782186779,3,152.0,3.0,-9.0
317782186782,2,-18.6875,-38.75,-43.5
317782186784,1,-1.56634,-0.46309182,9.956474
317782186843,3,152.0,5.0,-8.0
317782186848,1,-1.4165162,-0.8036005,9.956474
317782186923,3,152.0,2.0,-5.0
317782186925,2,-18.6875,-38.25,-43.0
317782186929,1,-0.84446156,-0.42223078,9.956474
317782187027,3,152.0,3.0,-4.0
317782187029,2,-19.1875,-38.25,-43.25
317782187032,1,-0.6537767,-0.5720546,9.915613
317782187083,2,-19.625,-38.0,-43.0
317782187085,1,-0.6946377,-0.53119355,9.956474
317782187164,3,152.0,3.0,-3.0
317782187167,2,-19.875,-37.5,-42.5
317782187168,1,-0.5720546,-0.5720546,9.997335
317782187243,3,152.0,3.0,-4.0
317782187245,2,-19.875,-37.25,-42.25
317782187247,1,-0.7627395,-0.46309182,9.956474
317782187340,2,-19.625,-37.25,-42.25
317782187343,1,-0.6537767,-0.5720546,9.915613
317782187410,3,152.0,3.0,-3.0
317782187415,2,-19.4375,-37.25,-42.5
317782187417,1,-0.61291564,-0.5720546,9.956474
317782187487,2,-19.875,-37.75,-43.0
317782187489,1,-0.5720546,-0.5720546,9.915613
317782187564,2,-19.875,-37.5,-43.25
317782187566,1,-0.61291564,-0.5720546,9.956474
317782187644,3,153.0,4.0,3.0
317782187646,2,-20.125,-37.25,-42.5
317782187648,1,0.5720546,-0.6537767,9.847511
317782187723,3,152.0,3.0,-4.0
317782187725,2,-20.625,-37.0,-42.25
317782187727,1,-0.6537767,-0.5720546,9.425281
317782187807,3,152.0,3.0,-3.0
317782187809,2,-20.125,-37.0,-42.25
317782187811,1,-0.50395286,-0.53119355,10.419566
317782187883,2,-20.375,-37.5,-42.25
317782187885,1,-0.46309182,-0.5720546,10.079058
317782187963,3,152.0,3.0,-2.0
317782187965,2,-20.625,-38.25,-42.5
317782187967,1,-0.3405087,-0.53119355,9.724928
317782188043,2,-20.625,-38.75,-42.75
317782188247,1,-0.3405087,-0.46309182,9.888372
317782188249,3,152.0,3.0,-3.0
317782188252,2,-20.875,-38.75,-42.5
317782188254,1,-0.46309182,-0.53119355,10.038197
317782188256,3,152.0,3.0,-2.0
317782188258,2,-20.625,-39.3125,-42.75
317782188260,1,-0.27240697,-0.46309182,10.079058
317782188284,3,152.0,4.0,-2.0
317782188287,2,-20.875,-38.75,-42.5
317782188389,1,-0.42223078,-0.6946377,9.915613
317782188392,3,152.0,3.0,-2.0
317782188394,2,-20.375,-38.75,-42.25
317782188398,1,-0.38136974,-0.50395286,9.888372
317782188444,2,-20.375,-38.5,-42.75
317782188446,1,-0.38136974,-0.53119355,9.997335
317782188525,2,-20.875,-37.75,-42.5
317782188527,1,-0.38136974,-0.50395286,10.038197
317782188603,2,-20.625,-37.75,-43.0
317782188605,1,-0.38136974,-0.50395286,9.956474
317782188690,2,-20.875,-37.5,-43.25
317782188692,1,-0.3405087,-0.50395286,9.915613
317782188774,3,152.0,3.0,-3.0
317782188777,2,-21.125,-37.5,-42.75
317782188779,1,-0.46309182,-0.5720546,10.038197
317782188843,3,152.0,3.0,-2.0
317782188845,2,-20.375,-37.75,-43.0
317782188847,1,-0.38136974,-0.46309182,9.997335
317782188964,2,-19.875,-38.0,-42.25
317782188966,1,-0.3405087,-0.50395286,9.915613
317782189003,2,-19.625,-37.5,-42.0625
317782189005,1,-0.3405087,-0.50395286,9.888372
317782189083,2,-18.9375,-37.75,-42.0625
317782189085,1,-0.3405087,-0.50395286,9.956474
317782189163,2,-19.4375,-38.0,-42.0625
317782189167,1,-0.313268,-0.53119355,9.888372
317782189243,2,-19.875,-38.25,-42.5
317782189246,1,-0.313268,-0.50395286,9.956474
317782189352,2,-19.875,-39.0,-42.25
317782189355,1,-0.3405087,-0.53119355,9.956474
317782189403,3,152.0,3.0,-1.0
317782189406,2,-20.125,-38.75,-42.25
317782189409,1,-0.23154591,-0.50395286,9.888372
317782189483,3,152.0,2.0,-5.0
317782189494,2,-20.625,-38.25,-41.8125
317782189496,1,-0.88532263,-0.42223078,10.106298
317782189565,3,152.0,4.0,-2.0
317782189568,2,-19.875,-37.75,-42.0625
317782189572,1,-0.3405087,-0.61291564,9.956474
317782189643,3,152.0,3.0,-2.0
317782189645,2,-20.375,-37.25,-42.25
317782189647,1,-0.313268,-0.50395286,9.956474
317782189726,2,-20.625,-37.5,-42.25
317782189732,1,-0.313268,-0.50395286,9.888372
317782189803,2,-19.875,-37.75,-42.5
317782189805,1,-0.313268,-0.53119355,9.956474
317782189885,2,-20.125,-37.5,-42.5
317782189887,1,-0.3405087,-0.50395286,9.915613
317782189963,2,-19.875,-37.75,-43.0
317782189966,1,-0.313268,-0.50395286,9.956474
317782190043,2,-20.125,-37.25,-43.0
317782190046,1,-0.313268,-0.50395286,9.915613
317782190128,2,-20.625,-37.0,-43.25
317782190131,1,-0.3405087,-0.50395286,9.956474
317782190205,2,-21.375,-37.0,-42.75
317782190208,1,-0.3405087,-0.50395286,10.038197
317782190283,2,-21.625,-37.0,-42.0625
317782190287,1,-0.38136974,-0.53119355,9.956474
317782190363,3,152.0,3.0,-1.0
317782190366,2,-21.375,-37.0,-41.8125
317782190368,1,-0.23154591,-0.61291564,10.079058
317782190443,3,152.0,3.0,3.0
317782190445,2,-22.125,-37.25,-40.5625
317782190447,1,0.5720546,-0.42223078,9.534244
317782190523,3,156.0,-1.0,12.0
317782190526,2,-22.875,-38.0,-40.0625
317782190529,1,2.3426998,0.10896278,11.114203
317782190603,3,151.0,-3.0,-3.0
317782190605,2,-23.625,-38.5,-39.5625
317782190607,1,-0.6537767,0.53119355,11.073342
317782190685,3,151.0,-2.0,3.0
317782190687,2,-24.375,-38.5,-39.3125
317782190689,1,0.6946377,0.50395286,13.252599
317782190763,3,150.0,-2.0,-2.0
317782190766,2,-23.375,-38.25,-40.5625
317782190769,1,-0.38136974,0.38136974,12.367276
317782190877,3,150.0,3.0,-5.0
317782190879,2,-21.875,-37.25,-41.5625
317782190882,1,-1.0351465,-0.53119355,11.604536
317782190923,3,150.0,-4.0,-2.0
317782190925,2,-19.875,-37.5,-42.5
317782190931,1,-0.38136974,0.88532263,11.604536
317782191003,3,150.0,-4.0,-1.0
317782191005,2,-18.6875,-39.5625,-42.75
317782191007,1,-0.14982383,0.6946377,9.275456
317782191097,3,150.0,-11.0,-2.0
317782191099,2,-18.6875,-43.375,-41.8125
317782191102,1,-0.313268,1.607201,8.076866
317782191163,3,151.0,-11.0,0.0
317782191165,2,-19.4375,-49.5,-39.8125
317782191167,1,-0.040861044,1.56634,8.049625
317782191256,3,152.0,-23.0,5.0
317782191258,2,-20.375,-55.625,-37.125
317782191260,1,0.7218784,3.3778462,7.7363577
317782191323,3,156.0,-26.0,8.0
317782191335,2,-20.875,-61.5,-34.4375
317782191337,1,1.2258313,3.718355,7.5456724
317782191407,3,157.0,-33.0,9.0
317782191409,2,-20.125,-66.0625,-31.5
317782191414,1,1.3756552,4.5628166,7.014479
317782191486,3,161.0,-32.0,7.0
317782191489,2,-17.9375,-69.375,-28.8125
317782191494,1,1.1441092,4.7126403,7.504812
317782191565,3,162.0,-37.0,9.0
317782191568,2,-16.4375,-71.9375,-27.3125
317782191571,1,1.2666923,4.944186,6.469665
317782191643,3,168.0,-36.0,13.0
317782191645,2,-15.4375,-73.1875,-26.125
317782191647,1,1.879608,5.012288,6.6331096
317782191723,3,172.0,-35.0,13.0
317782191726,2,-14.9375,-74.0,-25.125
317782191741,1,2.070293,5.175732,7.04172
317782191807,3,173.0,-36.0,14.0
317782191811,2,-15.6875,-73.75,-25.125
317782191814,1,2.2201166,5.325556,7.04172
317782191883,3,173.0,-34.0,14.0
317782191886,2,-16.6875,-73.1875,-24.875
317782191890,1,2.3018389,5.175732,7.3958488
317782191982,2,-17.6875,-72.9375,-24.625
317782191985,1,2.3699405,5.366417,7.6546354
317782192072,3,173.0,-35.0,15.0
317782192076,2,-19.4375,-72.9375,-24.625
317782192079,1,2.3699405,5.325556,7.1234417
317782192152,3,173.0,-36.0,16.0
317782192156,2,-21.125,-72.9375,-24.625
317782192159,1,2.4516625,5.325556,6.973618
317782192234,3,172.0,-33.0,16.0
317782192238,2,-22.375,-72.4375,-24.125
317782192241,1,2.5606253,5.012288,7.3549876
317782192336,3,172.0,-31.0,17.0
317782192352,2,-22.875,-71.9375,-24.125
317782192354,1,2.8738933,4.9850473,7.9270425
317782192444,3,172.0,-31.0,16.0
317782192447,2,-22.625,-71.4375,-24.875
317782192450,1,2.7240696,4.9850473,7.9679036
317782192523,3,172.0,-29.0,17.0
317782192526,2,-22.625,-70.6875,-25.625
317782192529,1,2.7513103,4.5628166,7.8861814
317782192610,3,172.0,-30.0,16.0
317782192613,2,-22.625,-70.125,-26.5625
317782192617,1,2.6014864,4.6036777,7.6546354
317782192683,3,172.0,-29.0,16.0
317782192686,2,-23.125,-69.875,-27.5625
317782192689,1,2.6832085,4.671779,7.9679036
317782192766,3,171.0,-30.0,16.0
317782192772,2,-23.875,-69.375,-28.0625
317782192775,1,2.6423476,4.7126403,7.6954966
317782192843,3,170.0,-27.0,15.0
317782192845,2,-24.125,-68.625,-28.3125
317782192847,1,2.5333846,4.372132,8.076866
317782192925,3,169.0,-26.0,15.0
317782192929,2,-24.375,-68.125,-28.5625
317782192932,1,2.6014864,4.2495484,8.390134
317782193003,3,169.0,-26.0,16.0
317782193006,2,-24.375,-67.375,-29.3125
317782193704,1,2.6423476,4.2495484,8.158588
317782193707,3,169.0,-25.0,16.0
317782193709,2,-24.125,-66.5625,-30.0
317782193732,1,2.6832085,4.2495484,8.499097
317782193734,3,168.0,-27.0,14.0
317782193736,2,-23.875,-66.8125,-30.5
317782193738,1,2.3018389,4.372132,8.240311
317782193747,3,167.0,-28.0,13.0
317782193749,2,-23.625,-67.0625,-31.0
317782193763,1,2.1383946,4.440233,8.240311
317782193765,2,-23.625,-67.625,-30.75
317782193767,1,2.070293,4.399372,8.117727
317782193854,3,167.0,-27.0,13.0
317782193856,2,-23.625,-68.125,-30.5
317782193859,1,2.1111538,4.3312707,8.076866
317782193865,3,167.0,-28.0,13.0
317782193867,2,-23.625,-68.125,-30.25
317782193891,1,2.1383946,4.5219555,8.158588
317782193894,2,-23.875,-68.375,-30.25
317782193896,1,2.2201166,4.5219555,8.19945
317782193898,3,167.0,-29.0,14.0
317782193955,2,-23.875,-68.375,-30.75
317782193957,1,2.4108016,4.7535014,8.267551
317782193979,3,166.0,-30.0,13.0
317782193982,2,-24.375,-68.125,-30.75
317782193984,1,2.2201166,5.012288,8.267551
317782193986,3,166.0,-38.0,15.0
317782194011,2,-24.375,-68.375,-30.5
317782194023,1,2.3426998,5.407278,6.510526
317782194043,3,162.0,-35.0,9.0
317782194045,2,-24.375,-68.625,-29.75
317782194047,1,1.607201,5.7477865,8.117727
317782194049,3,158.0,-37.0,5.0
317782194122,2,-23.875,-69.375,-29.0625
317782194124,1,0.84446156,5.5571017,7.3549876
317782194126,3,158.0,-33.0,8.0
317782194128,2,-22.875,-70.4375,-28.3125
317782194159,1,1.334794,5.053149,7.5456724
317782194202,3,159.0,-32.0,10.0
317782194204,2,-21.875,-70.9375,-28.5625
317782194206,1,1.607201,4.9850473,7.9270425
317782194233,3,159.0,-29.0,2.0
317782194236,2,-21.125,-70.6875,-29.5625
317782194239,1,0.3405087,4.440233,8.117727
317782194338,3,159.0,-29.0,7.0
317782194343,2,-20.625,-70.4375,-29.3125
317782194345,1,1.1168685,4.6036777,8.267551
317782194456,3,159.0,-30.0,5.0
317782194459,2,-20.125,-70.4375,-29.75
317782194461,1,0.7627395,4.7535014,8.117727
317782194496,3,158.0,-31.0,-1.0
317782194498,2,-20.125,-70.4375,-30.0
317782194502,1,-0.14982383,4.7535014,7.9679036
317782194573,3,159.0,-29.0,6.0
317782194577,2,-18.9375,-70.4375,-30.0
317782194589,1,0.9125633,4.5219555,8.267551
317782194654,3,159.0,-30.0,3.0
317782194658,2,-17.1875,-70.125,-31.5
317782194663,1,0.5720546,4.8216033,8.430995
317782194733,3,159.0,-28.0,-3.0
317782194736,2,-14.6875,-69.125,-32.9375
317782194739,1,-0.42223078,4.3312707,8.008764
317782194813,3,160.0,-26.0,-3.0
317782194816,2,-11.25,-68.125,-34.6875
317782194822,1,-0.5720546,4.372132,8.853226
317782194893,3,160.0,-25.0,-7.0
317782194896,2,-8.5,-67.0625,-36.625
317782194900,1,-1.4165162,5.053149,10.95076
317782194973,3,164.0,-23.0,-4.0
317782194976,2,-6.0625,-65.3125,-37.875
317782194979,1,-0.5720546,3.2961242,7.7772183
317782195052,3,164.0,-26.0,-5.0
317782195058,2,-4.5625,-64.5625,-38.625
317782195063,1,-0.88532263,4.1814466,8.471856
317782195132,3,165.0,-24.0,-3.0
317782195136,2,-4.0625,-64.0,-39.0625
317782195139,1,-0.5720546,3.9090397,8.853226
317782195219,3,166.0,-21.0,-6.0
317782195223,2,-3.5625,-63.25,-39.0625
317782195226,1,-0.9942854,3.486809,8.880466
317782195312,3,170.0,-15.0,-1.0
317782195323,2,-4.0625,-63.75,-39.0625
317782195326,1,-0.23154591,2.6014864,9.493382
317782195386,3,170.0,-19.0,0.0
317782195388,2,-5.3125,-63.75,-39.0625
317782195390,1,-0.040861044,3.1463003,9.234595
317782195453,3,171.0,-18.0,1.0
317782195455,2,-6.0625,-63.75,-38.625
317782195489,1,0.14982383,3.173541,9.493382
317782195533,3,172.0,-16.0,4.0
317782195543,2,-7.0625,-64.3125,-38.375
317782195552,1,0.6537767,2.6832085,9.112013
317782195613,3,173.0,-18.0,6.0
317782195616,2,-8.0625,-64.3125,-37.375
317782195619,1,0.9942854,3.1054392,9.425281
317782195711,3,173.0,-21.0,5.0
317782195714,2,-7.8125,-64.8125,-36.625
317782195718,1,0.88532263,3.405087,9.00305
317782195774,3,173.0,-23.0,4.0
317782195777,2,-7.5625,-65.3125,-36.375
317782195780,1,0.61291564,3.718355,8.880466
317782195853,3,173.0,-24.0,1.0
317782195856,2,-7.0625,-65.8125,-35.6875
317782195859,1,0.14982383,3.8681788,8.580819
317782195933,3,173.0,-27.0,0.0
317782195936,2,-5.8125,-66.3125,-34.9375
317782195940,1,0.040861044,4.1814466,8.158588
317782196013,3,173.0,-31.0,0.0
317782196016,2,-5.0625,-67.375,-33.9375
317782196019,1,-0.040861044,4.862464,8.008764
317782196098,3,168.0,-39.0,-7.0
317782196102,2,-3.8125,-69.375,-31.5
317782196105,1,-1.1441092,6.1700177,7.3958488
317782196185,3,152.0,-48.0,-22.0
317782196188,2,-1.125,-71.1875,-28.3125
317782196192,1,-3.9090397,7.7363577,5.6660647
317782196263,3,152.0,-38.0,-24.0
317782196266,2,1.875,-73.4375,-25.625
317782196269,1,-4.4810944,6.782933,7.4639506
317782196347,3,159.0,-28.0,-24.0
317782196351,2,5.8125,-74.25,-23.1875
317782196354,1,-3.7864566,4.399372,7.3549876
317782196424,3,164.0,-37.0,-19.0
317782196427,2,8.0625,-74.0,-21.9375
317782196430,1,-3.255263,5.8567495,7.1234417
317782196509,3,165.0,-35.0,-23.0
317782196512,2,9.5,-74.5,-21.9375
317782196515,1,-3.759216,5.6252036,7.014479
317782196583,3,166.0,-30.0,-25.0
317782196586,2,10.75,-74.0,-22.4375
317782196589,1,-4.2086873,5.012288,7.6954966
317782196663,3,167.0,-26.0,-26.0
317782196666,2,11.75,-73.4375,-22.6875
317782196669,1,-4.4810944,4.399372,7.8861814
317782196743,3,167.0,-27.0,-32.0
317782196752,2,13.9375,-72.9375,-22.6875
317782196755,1,-4.862464,4.140586,6.5922484
317782196826,3,166.0,-34.0,-34.0
317782196829,2,15.9375,-72.1875,-21.9375
317782196833,1,-5.243834,5.284695,5.7886477
317782196903,3,166.0,-36.0,-35.0
317782196906,2,17.9375,-71.9375,-19.5
317782196910,1,-5.6660647,5.8567495,5.6660647
317782196997,3,165.0,-35.0,-41.0
317782197000,2,19.1875,-71.9375,-17.0625
317782197004,1,-6.891896,6.0474343,5.202973
317782197078,3,164.0,-32.0,-46.0
317782197083,2,20.875,-72.1875,-14.5625
317782197085,1,-7.43671,5.47538,4.5219555
317782197154,3,163.0,-34.0,-48.0
317782197157,2,22.375,-71.1875,-11.875
317782197160,1,-7.246025,5.5162406,3.636633
317782197235,3,162.0,-39.0,-43.0
317782197238,2,23.875,-70.125,-11.375
317782197243,1,-6.5513873,6.0882955,3.568531
317782197329,3,163.0,-42.0,-38.0
317782197335,2,25.0625,-69.375,-11.125
317782197337,1,-6.0882955,6.66035,4.2086873
317782197393,3,169.0,-39.0,-34.0
317782197395,2,25.3125,-68.375,-11.625
317782197397,1,-5.325556,5.938472,4.9850473
317782197472,3,176.0,-34.0,-31.0
317782197476,2,24.875,-68.375,-13.125
317782197479,1,-5.134871,5.6660647,6.469665
317782197553,3,176.0,-37.0,-32.0
317782197557,2,24.375,-68.875,-13.125
317782197560,1,-4.8216033,5.47538,5.434519
317782197633,3,170.0,-39.0,-40.0
317782197636,2,24.125,-68.875,-12.875
317782197639,1,-6.2108784,6.0882955,4.2904096
317782198377,3,170.0,-38.0,-37.0
317782198435,2,24.125,-68.875,-11.875
317782198437,1,-5.9793324,6.0882955,5.053149
317782198439,3,170.0,-37.0,-39.0
317782198459,2,24.875,-69.125,-10.1875
317782198482,1,-6.2108784,6.0474343,4.903325
317782198493,3,170.0,-41.0,-39.0
317782198495,2,24.875,-69.375,-8.6875
317782198512,1,-5.8567495,6.1700177,3.9499009
317782198515,3,170.0,-45.0,-37.0
317782198517,2,24.875,-69.875,-7.0
317782198519,1,-5.6252036,6.5922484,3.5957718
317782198572,3,170.0,-38.0,-41.0
317782198574,2,24.875,-69.875,-5.5
317782198576,1,-6.4424243,6.0474343,4.099725
317782198578,3,170.0,-37.0,-44.0
317782198580,2,24.625,-70.125,-4.75
317782198605,1,-6.701211,5.7886477,3.9771416
317782198607,2,25.0625,-69.875,-4.0625
317782198609,1,-6.6331096,5.7477865,3.6774938
317782198614,3,170.0,-38.0,-44.0
317782198632,2,26.0625,-69.375,-4.3125
317782198634,1,-6.6331096,5.8567495,3.486809
317782198636,2,26.5625,-69.375,-4.0625
317782198638,1,-6.742072,5.938472,3.486809
317782198713,3,194.0,-39.0,-44.0
317782198715,2,30.1875,-30.75,1.6875
317782198717,1,-6.891896,6.1700177,3.405087
317782198744,3,204.0,-36.0,-47.0
317782198746,2,29.9375,-30.5,1.5
317782198748,1,-7.205164,5.8567495,3.336985
317782198771,3,205.0,-36.0,-49.0
317782198774,2,29.6875,-30.75,2.1875
317782198776,1,-7.205164,5.6660647,2.8330324
317782198834,3,206.0,-37.0,-48.0
317782198844,2,29.9375,-31.0,2.4375
317782198846,1,-7.082581,5.6660647,2.8738933
317782198848,3,207.0,-37.0,-47.0
317782198880,2,29.9375,-31.0,2.6875
317782198883,1,-7.164303,5.829509,3.0237172
317782198885,3,208.0,-35.0,-49.0
317782198887,2,30.875,-31.0,3.4375
317782198889,1,-7.43671,5.6660647,3.1463003
317782198952,3,209.0,-37.0,-49.0
317782198954,2,31.125,-30.5,3.4375
317782198956,1,-7.0553403,5.597963,2.4516625
317782199036,3,214.0,-40.0,-47.0
317782199039,2,31.125,-30.5,3.6875
317782199043,1,-6.782933,5.938472,2.1792557
317782199112,3,218.0,-41.0,-46.0
317782199116,2,31.125,-30.0,4.4375
317782199121,1,-6.851035,6.2108784,2.3426998
317782199193,3,218.0,-34.0,-50.0
317782199196,2,31.125,-29.4375,4.1875
317782199199,1,-8.240311,5.9793324,3.5276701
317782199285,3,219.0,-39.0,-47.0
317782199289,2,31.625,-29.6875,4.1875
317782199296,1,-7.205164,6.1291566,2.6832085
317782199384,3,220.0,-38.0,-47.0
317782199386,2,31.875,-29.4375,4.1875
317782199388,1,-7.082581,5.938472,2.9147544
317782199443,3,220.0,-37.0,-47.0
317782199445,2,32.125,-29.6875,3.4375
317782199447,1,-7.1234417,5.938472,3.0645783
317782199535,3,220.0,-38.0,-46.0
317782199538,2,31.625,-30.25,3.6875
317782199544,1,-6.891896,5.8567495,3.255263
317782199612,3,220.0,-37.0,-45.0
317782199616,2,31.125,-30.25,3.9375
317782199619,1,-6.8237944,5.829509,3.336985
317782199693,3,220.0,-37.0,-46.0
317782199696,2,30.625,-30.5,3.4375
317782199706,1,-7.014479,5.938472,3.336985
317782199772,3,220.0,-39.0,-44.0
317782199776,2,30.4375,-30.25,3.4375
317782199779,1,-6.6331096,5.9793324,3.173541
317782199863,3,220.0,-40.0,-45.0
317782199867,2,30.1875,-30.25,3.4375
317782199870,1,-6.6331096,6.0201936,2.982856
317782199933,3,220.0,-39.0,-45.0
317782199936,2,29.9375,-30.5,3.9375
317782199939,1,-6.851035,6.0201936,3.0237172
317782200034,3,220.0,-40.0,-45.0
317782200037,2,29.9375,-30.75,4.875
317782200040,1,-6.851035,6.2108784,2.7513103
317782200113,2,29.6875,-30.25,5.375
317782200116,1,-6.891896,6.238119,2.7513103
317782200193,2,30.1875,-30.0,5.375
317782200196,1,-6.973618,6.238119,2.9147544
317782200273,3,220.0,-42.0,-44.0
317782200276,2,29.9375,-30.25,4.6875
317782200280,1,-6.5513873,6.3198414,2.5606253
317782200352,3,220.0,-41.0,-45.0
317782200355,2,30.1875,-30.0,3.4375
317782200357,1,-6.973618,6.469665,2.6832085
317782200436,3,221.0,-41.0,-43.0
317782200439,2,30.4375,-29.6875,0.75
317782200444,1,-6.932757,6.742072,3.3642259
317782200516,3,222.0,-37.0,-35.0
317782200519,2,29.4375,-29.4375,-4.1875
317782200524,1,-5.5571017,5.7477865,5.284695
317782200593,3,223.0,-34.0,-28.0
317782200596,2,28.1875,-28.6875,-10.0625
317782200599,1,-4.903325,5.7477865,6.973618
317782200677,3,224.0,-29.0,-22.0
317782200681,2,25.6875,-27.6875,-16.1875
317782200684,1,-3.8681788,4.944186,7.9270425
317782200753,3,224.0,-29.0,-19.0
317782200756,2,22.5,-27.9375,-21.0625
317782200759,1,-3.0645783,4.671779,7.7363577
317782200835,3,224.0,-30.0,-16.0
317782200848,2,19.75,-27.6875,-24.0
317782200852,1,-2.4925237,4.7126403,7.6273947
317782200915,3,224.0,-28.0,-13.0
317782200918,2,17.3125,-27.4375,-26.0
317782200947,1,-2.0294318,4.399372,8.008764
317782200993,3,218.0,-25.0,-12.0
317782200995,2,14.8125,-27.4375,-27.4375
317782200997,1,-2.070293,4.1814466,8.539958
317782201081,3,212.0,-26.0,-12.0
317782201086,2,12.875,-27.4375,-28.4375
317782201089,1,-2.070293,4.3312707,8.499097
317782201153,3,206.0,-26.0,-11.0
317782201156,2,11.25,-27.0625,-30.0
317782201159,1,-1.879608,4.2086873,8.390134
317782201233,3,201.0,-26.0,-10.0
317782201236,2,9.75,-27.3125,-30.75
317782201239,1,-1.7297841,4.2495484,8.580819
317782201335,3,200.0,-27.0,-9.0
317782201338,2,9.25,-27.8125,-31.0
317782201357,1,-1.607201,4.4810944,8.662541
317782201412,3,199.0,-27.0,-9.0
317782201415,2,8.75,-28.3125,-31.0
317782201417,1,-1.4982382,4.399372,8.580819
317782201493,3,193.0,-29.0,-10.0
317782201496,2,7.5625,-28.8125,-30.5
317782201501,1,-1.6480621,4.7126403,8.430995
317782201584,3,193.0,-27.0,-7.0
317782201588,2,7.0625,-28.8125,-30.5
317782201591,1,-1.1441092,4.399372,8.539958
317782201665,3,193.0,-29.0,-6.0
317782201668,2,6.3125,-29.0625,-30.25
317782201671,1,-0.9942854,4.7535014,8.580819
317782201744,3,193.0,-27.0,-5.0
317782201747,2,6.0625,-29.0625,-30.0
317782201750,1,-0.84446156,4.5219555,8.730643
317782201826,3,194.0,-28.0,-5.0
317782201836,2,6.5625,-29.0625,-29.75
317782201843,1,-0.8036005,4.4810944,8.430995
317782201903,3,195.0,-30.0,-4.0
317782201906,2,6.0625,-29.3125,-29.3125
317782201909,1,-0.6537767,4.8216033,8.308413
317782201983,3,196.0,-32.0,-3.0
317782201992,2,5.8125,-29.5625,-29.5625
317782201995,1,-0.46309182,4.944186,8.008764
317782202063,3,202.0,-32.0,0.0
317782202066,2,4.8125,-29.5625,-29.75
317782202072,1,-0.040861044,5.2165933,8.19945
317782202144,3,207.0,-34.0,3.0
317782202147,2,3.0625,-29.5625,-29.75
317782202150,1,0.46309182,5.243834,7.6954966
317782202223,3,206.0,-35.0,1.0
317782202226,2,2.375,-30.125,-29.75
317782202229,1,0.08172209,5.5571017,7.8180795
317782202313,3,193.0,-33.0,-2.0
317782202315,2,1.125,-29.875,-29.5625
317782202317,1,-0.27240697,5.175732,8.049625
317782202972,3,188.0,-31.0,0.0
317782202990,2,0.625,-30.125,-29.75
317782202992,1,-0.040861044,4.862464,8.049625
317782202995,3,192.0,-32.0,4.0
317782202997,2,0.375,-30.125,-29.3125
317782202999,1,0.61291564,4.944186,7.9270425
317782203062,3,193.0,-35.0,5.0
317782203064,2,-0.375,-30.375,-28.8125
317782203066,1,0.7218784,5.175732,7.4639506
317782203068,3,188.0,-35.0,3.0
317782203093,2,-1.375,-30.875,-28.0625
317782203095,1,0.46309182,5.6252036,8.049625
317782203097,3,183.0,-26.0,2.0
317782203099,2,-2.375,-30.625,-27.8125
317782203116,1,0.46309182,4.9850473,10.038197
317782203164,3,177.0,-30.0,2.0
317782203166,2,-3.3125,-30.875,-28.3125
317782203168,1,0.29964766,4.7126403,8.117727
317782203196,3,177.0,-28.0,6.0
317782203198,2,-4.3125,-30.375,-28.5625
317782203213,1,1.1849703,5.012288,9.275456
317782203216,3,177.0,-28.0,4.0
317782203232,2,-4.0625,-29.875,-29.75
317782203234,1,0.7218784,4.671779,8.880466
317782203236,3,172.0,-31.0,2.0
317782203238,2,-3.3125,-29.875,-30.75
317782203250,1,0.23154591,4.3312707,7.205164
317782203254,3,161.0,-35.0,-2.0
317782203256,2,-1.625,-29.0625,-31.25
317782203258,1,-0.38136974,5.09401,7.164303
317782203376,3,161.0,-27.0,-5.0
317782203378,2,0.625,-27.8125,-32.25
317782203380,1,-0.95342433,4.630918,9.043911
317782203436,3,162.0,-28.0,-5.0
317782203447,2,1.875,-27.0625,-32.75
317782203450,1,-0.92618364,4.7943625,8.853226
317782203473,3,166.0,-32.0,-5.0
317782203475,2,2.625,-26.25,-32.5
317782203477,1,-0.88532263,5.434519,8.662541
317782203479,3,171.0,-31.0,-4.0
317782203496,2,2.375,-25.75,-32.9375
317782203498,1,-0.6537767,4.7126403,7.9679036
317782203541,3,192.0,-34.0,1.0
317782203543,2,1.625,-26.5,-32.9375
317782203578,1,0.14982383,5.6252036,8.308413
317782203593,3,204.0,-33.0,3.0
317782203597,2,1.625,-27.3125,-33.1875
317782203611,1,0.42223078,5.325556,8.049625
317782203673,3,218.0,-35.0,3.0
317782203677,2,1.625,-27.3125,-33.4375
317782203680,1,0.53119355,5.5571017,7.8589406
317782203764,3,223.0,-33.0,4.0
317782203767,2,2.125,-27.0625,-33.4375
317782203771,1,0.5720546,5.09401,7.7363577
317782203854,3,238.0,-35.0,4.0
317782203857,2,2.375,-26.0,-33.9375
317782203861,1,0.6537767,5.434519,7.6273947
317782203944,3,253.0,-36.0,4.0
317782203947,2,2.125,-24.75,-34.1875
317782203951,1,0.61291564,5.366417,7.43671
317782204027,3,267.0,-36.0,4.0
317782204042,2,1.875,-24.25,-34.6875
317782204045,1,0.61291564,5.434519,7.3549876
317782204103,3,298.0,-38.0,1.0
317782204106,2,1.125,-23.75,-35.1875
317782204108,1,0.14982383,5.5571017,7.014479
317782204183,3,310.0,-37.0,1.0
317782204186,2,0.875,-23.75,-35.6875
317782204189,1,0.19068487,5.597963,7.4639506
317782204271,3,310.0,-36.0,2.0
317782204274,2,0.625,-23.1875,-35.6875
317782204278,1,0.3405087,5.6252036,7.8589406
317782204345,3,306.0,-33.0,1.0
317782204347,2,0.875,-22.4375,-36.125
317782204349,1,0.23154591,5.5162406,8.349273
317782204423,2,1.375,-21.9375,-36.375
317782204425,1,0.19068487,5.597963,8.580819
317782204511,3,285.0,-30.0,3.0
317782204520,2,1.625,-21.1875,-36.375
317782204524,1,0.5720546,5.09401,8.921328
317782204583,3,253.0,-24.0,2.0
317782204586,2,2.125,-20.9375,-36.625
317782204589,1,0.38136974,4.2495484,9.493382
317782204664,3,236.0,-26.0,1.0
317782204667,2,2.125,-20.6875,-36.125
317782204670,1,0.08172209,4.099725,8.539958
317782204755,3,231.0,-23.0,4.0
317782204759,2,1.625,-20.4375,-36.375
317782204763,1,0.6946377,3.990762,9.234595
317782204832,3,235.0,-27.0,2.0
317782204836,2,1.375,-20.125,-36.625
317782204839,1,0.29964766,3.990762,7.9679036
317782204913,3,235.0,-27.0,1.0
317782204916,2,0.625,-19.375,-36.625
317782204919,1,0.19068487,4.140586,8.267551
317782205008,3,223.0,-25.0,1.0
317782205010,2,0.125,-19.125,-37.875
317782205012,1,0.14982383,4.140586,8.921328
317782205242,3,227.0,-24.0,2.0
317782205244,2,-0.125,-18.625,-38.375
317782205247,1,0.3405087,4.1814466,9.193735
317782205249,3,280.0,-30.0,3.0
317782205271,2,-0.375,-18.125,-38.875
317782205273,1,0.53119355,4.862464,8.308413
317782205275,3,305.0,-27.0,3.0
317782205277,2,-0.875,-17.625,-39.5625
317782205279,1,0.42223078,3.9090397,7.5865335
317782205393,3,305.0,-27.0,6.0
317782205400,2,-1.625,-17.375,-39.0625
317782205496,1,1.0351465,4.2086873,8.240311
317782205505,3,314.0,-29.0,7.0
317782205509,2,-2.375,-17.0625,-38.875
317782205531,1,1.1441092,4.5219555,8.076866
317782205533,3,337.0,-33.0,3.0
317782205535,2,-2.625,-17.625,-38.625
317782205537,1,0.5720546,5.284695,8.267551
317782205622,3,338.0,-32.0,6.0
317782205624,2,-2.625,-18.125,-38.375
317782205626,1,0.95342433,5.053149,8.008764
317782207142,3,342.0,-34.0,5.0
317782207145,2,-2.375,-17.875,-38.125
317782207147,1,0.84446156,5.284695,7.7363577
317782207149,3,349.0,-35.0,4.0
317782207168,1,0.5720546,5.2165933,7.3141265
317782207170,3,353.0,-33.0,3.0
317782207172,2,-2.375,-17.375,-38.125
317782207174,1,0.5720546,5.2165933,8.008764
317782207176,3,354.0,-33.0,3.0
317782207178,2,-2.125,-17.0625,-38.125
317782207221,1,0.50395286,5.366417,8.158588
317782207223,3,353.0,-35.0,4.0
317782207225,2,-1.625,-17.0625,-38.125
317782207227,1,0.6537767,5.5162406,7.7363577
317782207239,3,348.0,-30.0,3.0
317782207242,2,-0.625,-17.0625,-37.875
317782207244,1,0.46309182,4.8216033,8.240311
317782207246,3,349.0,-32.0,0.0
317782207248,2,0.875,-16.5625,-38.625
317782207250,1,-0.040861044,4.903325,7.9270425
317782207263,3,356.0,-34.0,-5.0
317782207265,2,3.5625,-16.0625,-41.0625
317782207267,1,-0.88532263,5.6252036,8.349273
317782207287,3,355.0,-28.0,-5.0
317782207289,2,5.3125,-15.5625,-44.25
317782207328,1,-0.95342433,5.053149,9.343558
317782207330,3,355.0,-27.0,-8.0
317782207332,2,7.5625,-14.8125,-46.9375
317782207334,1,-1.3075534,4.399372,8.580819
317782207337,3,355.0,-29.0,-8.0
317782207339,2,8.0625,-14.8125,-48.375
317782207342,1,-1.3075534,4.5628166,8.240311
317782207344,3,344.0,-31.0,0.0
317782207346,2,6.8125,-14.5625,-48.875
317782207348,1,-0.040861044,4.862464,8.240311
317782207350,3,339.0,-33.0,1.0
317782207352,2,6.0625,-14.5625,-48.625
317782207354,1,0.23154591,5.47538,8.308413
317782207356,3,334.0,-31.0,4.0
317782207358,2,4.5625,-14.0,-48.375
317782207360,1,0.61291564,4.903325,8.049625
317782207363,3,333.0,-27.0,3.0
317782207365,2,3.5625,-12.5,-48.875
317782207367,1,0.5720546,4.372132,8.390134
317782207369,3,332.0,-24.0,3.0
317782207508,2,2.375,-12.5,-47.6875
317782207510,1,0.5720546,3.9090397,8.730643
317782207512,3,332.0,-24.0,4.0
317782207514,2,0.875,-12.25,-45.0
317782207516,1,0.61291564,3.8681788,8.580819
317782207518,3,339.0,-27.0,3.0
317782207521,2,-0.375,-12.75,-42.75
317782207523,1,0.50395286,4.3312707,8.308413
317782207598,3,339.0,-28.0,3.0
317782207601,2,0.125,-13.25,-38.625
317782207603,1,0.53119355,4.440233,8.471856
317782207605,3,343.0,-28.0,1.0
317782207607,2,0.875,-12.5,-35.9375
317782207609,1,0.08172209,4.372132,8.390134
317782207612,3,336.0,-26.0,1.0
317782207614,2,2.375,-11.5,-34.6875
317782207616,1,0.14982383,4.0588636,8.19945
317782207623,3,327.0,-26.0,1.0
317782207625,2,3.0625,-11.0,-32.75
317782207628,1,0.23154591,4.0588636,8.349273
317782207630,3,326.0,-24.0,2.0
317782207636,2,2.375,-9.9375,-32.9375
317782207638,1,0.3405087,4.0180025,8.880466
317782207641,3,326.0,-24.0,3.0
317782207643,2,1.625,-7.625,-32.5
317782207645,1,0.5720546,3.759216,8.62168
